model,group,scheme,benchmark,acc_before,acc_after,delta,pred,lo,hi,inside_90
RedHatAI/DeepSeek-R1-Distill-Qwen-14B-quantized.w4a16,deepseek-r1-distill,w4a16,ifeval,43.05,34.9,-8.15,-0.7349222797927462,-2.8698445595854922,1.3999999999999997,False
RedHatAI/Qwen3-30B-A3B-quantized.w4a16,qwen3-30b-a3b,w4a16,bbh,34.81,28.12,-6.69,-0.7349222797927462,-2.8698445595854922,1.3999999999999997,False
RedHatAI/gemma-3-27b-it-quantized.w8a8,gemma-3,w8a8_int,gsm8k,92.12,85.75,-6.37,-0.3202577319587629,-1.71,1.069484536082474,False
RedHatAI/DeepSeek-R1-Distill-Llama-70B-quantized.w4a16,deepseek-r1-distill,w4a16,bbh,21.26,16.96,-4.3,-0.7349222797927462,-2.8698445595854922,1.3999999999999997,False
RedHatAI/gemma-3-4b-it-quantized.w4a16,gemma-3,w4a16,gsm8k,76.12,72.33,-3.79,-0.7349222797927462,-2.8698445595854922,1.3999999999999997,False
RedHatAI/DeepSeek-R1-Distill-Llama-8B-quantized.w4a16,deepseek-r1-distill,w4a16,mmlu,55.65,52.11,-3.54,-0.7349222797927462,-2.8698445595854922,1.3999999999999997,False
RedHatAI/gemma-3-1b-it-quantized.w4a16,gemma-3,w4a16,gsm8k,25.17,22.14,-3.03,-0.7349222797927462,-2.8698445595854922,1.3999999999999997,False
RedHatAI/gemma-3-1b-it-quantized.w4a16,gemma-3,w4a16,mmlu,39.99,37.0,-2.99,-0.7349222797927462,-2.8698445595854922,1.3999999999999997,False
RedHatAI/gemma-3-1b-it-quantized.w4a16,gemma-3,w4a16,arc_challenge,36.86,33.96,-2.9,-0.7349222797927462,-2.8698445595854922,1.3999999999999997,False
RedHatAI/DeepSeek-R1-Distill-Qwen-7B-quantized.w8a8,deepseek-r1-distill,w8a8_int,gsm8k,78.62,79.83,1.21,-0.3202577319587629,-1.71,1.069484536082474,False
RedHatAI/gemma-3-1b-it-quantized.w4a16,gemma-3,w4a16,truthfulqa,38.54,39.94,1.4,-0.7349222797927462,-2.8698445595854922,1.3999999999999997,False
RedHatAI/DeepSeek-R1-Distill-Qwen-1.5B-quantized.w4a16,deepseek-r1-distill,w4a16,truthfulqa,45.21,46.68,1.47,-0.7349222797927462,-2.8698445595854922,1.3999999999999997,False
RedHatAI/DeepSeek-R1-Distill-Qwen-32B-quantized.w4a16,deepseek-r1-distill,w4a16,gsm8k,82.71,84.38,1.67,-0.7349222797927462,-2.8698445595854922,1.3999999999999997,False
RedHatAI/Llama-3.1-Nemotron-70B-Instruct-HF-quantized.w4a16,nemotron,w4a16,math_lvl5,23.21,25.69,2.48,-0.7349222797927462,-2.8698445595854922,1.3999999999999997,False
RedHatAI/DeepSeek-R1-Distill-Llama-8B-quantized.w8a8,deepseek-r1-distill,w8a8_int,humaneval_plus,44.1,46.7,2.6,-0.3202577319587629,-1.71,1.069484536082474,False
RedHatAI/Llama-3.1-Nemotron-70B-Instruct-HF-quantized.w4a16,nemotron,w4a16,gsm8k,82.94,86.88,3.94,-0.7349222797927462,-2.8698445595854922,1.3999999999999997,False
RedHatAI/Qwen3-30B-A3B-quantized.w4a16,qwen3-30b-a3b,w4a16,math_lvl5,52.14,56.99,4.85,-0.7349222797927462,-2.8698445595854922,1.3999999999999997,False
RedHatAI/Qwen3-30B-A3B-FP8-dynamic,qwen3-30b-a3b,fp8_dynamic,math_lvl5,52.14,59.39,7.25,-0.047700000000000006,-1.44,1.3445999999999998,False
RedHatAI/gemma-3-12b-it-quantized.w4a16,gemma-3,w4a16,gsm8k,88.1,85.52,-2.58,-0.7349222797927462,-2.8698445595854922,1.3999999999999997,True
RedHatAI/Qwen3-30B-A3B-quantized.w4a16,qwen3-30b-a3b,w4a16,winogrande,66.77,64.33,-2.44,-0.7349222797927462,-2.8698445595854922,1.3999999999999997,True
RedHatAI/gemma-3-1b-it-quantized.w4a16,gemma-3,w4a16,hellaswag,56.03,53.62,-2.41,-0.7349222797927462,-2.8698445595854922,1.3999999999999997,True
RedHatAI/Llama-3.1-Nemotron-70B-Instruct-HF-quantized.w4a16,nemotron,w4a16,ifeval,74.3,72.02,-2.28,-0.7349222797927462,-2.8698445595854922,1.3999999999999997,True
RedHatAI/DeepSeek-R1-Distill-Qwen-1.5B-quantized.w4a16,deepseek-r1-distill,w4a16,gpqa,35.37,33.16,-2.21,-0.7349222797927462,-2.8698445595854922,1.3999999999999997,True
RedHatAI/DeepSeek-R1-Distill-Llama-70B-quantized.w4a16,deepseek-r1-distill,w4a16,humaneval_plus,75.2,73.0,-2.2,-0.7349222797927462,-2.8698445595854922,1.3999999999999997,True
RedHatAI/DeepSeek-R1-Distill-Qwen-1.5B-quantized.w4a16,deepseek-r1-distill,w4a16,humaneval,37.9,35.7,-2.2,-0.7349222797927462,-2.8698445595854922,1.3999999999999997,True
RedHatAI/DeepSeek-R1-Distill-Llama-8B-quantized.w4a16,deepseek-r1-distill,w4a16,gpqa,49.27,47.11,-2.16,-0.7349222797927462,-2.8698445595854922,1.3999999999999997,True
RedHatAI/DeepSeek-R1-Distill-Llama-8B-quantized.w4a16,deepseek-r1-distill,w4a16,hellaswag,76.78,74.62,-2.16,-0.7349222797927462,-2.8698445595854922,1.3999999999999997,True
RedHatAI/DeepSeek-R1-Distill-Llama-8B-quantized.w4a16,deepseek-r1-distill,w4a16,arc_challenge,45.05,42.92,-2.13,-0.7349222797927462,-2.8698445595854922,1.3999999999999997,True
RedHatAI/gemma-3-12b-it-quantized.w4a16,gemma-3,w4a16,arc_challenge,68.43,66.3,-2.13,-0.7349222797927462,-2.8698445595854922,1.3999999999999997,True
RedHatAI/Qwen3-30B-A3B-quantized.w4a16,qwen3-30b-a3b,w4a16,mmlu_pro,47.45,45.38,-2.07,-0.7349222797927462,-2.8698445595854922,1.3999999999999997,True
RedHatAI/gemma-3-4b-it-quantized.w4a16,gemma-3,w4a16,mmlu,58.38,56.33,-2.05,-0.7349222797927462,-2.8698445595854922,1.3999999999999997,True
RedHatAI/DeepSeek-R1-Distill-Llama-8B-quantized.w4a16,deepseek-r1-distill,w4a16,truthfulqa,50.55,48.57,-1.98,-0.7349222797927462,-2.8698445595854922,1.3999999999999997,True
RedHatAI/DeepSeek-R1-Distill-Qwen-1.5B-quantized.w4a16,deepseek-r1-distill,w4a16,gsm8k,69.98,68.01,-1.97,-0.7349222797927462,-2.8698445595854922,1.3999999999999997,True
RedHatAI/DeepSeek-R1-Distill-Qwen-14B-quantized.w4a16,deepseek-r1-distill,w4a16,gpqa,59.35,57.48,-1.87,-0.7349222797927462,-2.8698445595854922,1.3999999999999997,True
RedHatAI/DeepSeek-R1-Distill-Qwen-14B-quantized.w4a16,deepseek-r1-distill,w4a16,bbh,47.16,45.36,-1.8,-0.7349222797927462,-2.8698445595854922,1.3999999999999997,True
RedHatAI/gemma-3-27b-it-quantized.w8a8,gemma-3,w8a8_int,arc_challenge,72.53,70.82,-1.71,-0.3202577319587629,-1.71,1.069484536082474,True
RedHatAI/gemma-3-4b-it-quantized.w4a16,gemma-3,w4a16,hellaswag,74.96,73.35,-1.61,-0.7349222797927462,-2.8698445595854922,1.3999999999999997,True
RedHatAI/Qwen3-30B-A3B-quantized.w4a16,qwen3-30b-a3b,w4a16,mmlu,77.67,76.11,-1.56,-0.7349222797927462,-2.8698445595854922,1.3999999999999997,True
RedHatAI/DeepSeek-R1-Distill-Llama-70B-quantized.w4a16,deepseek-r1-distill,w4a16,gpqa,65.57,64.04,-1.53,-0.7349222797927462,-2.8698445595854922,1.3999999999999997,True
RedHatAI/Qwen3-30B-A3B-quantized.w4a16,qwen3-30b-a3b,w4a16,truthfulqa,56.27,54.76,-1.51,-0.7349222797927462,-2.8698445595854922,1.3999999999999997,True
RedHatAI/gemma-3-12b-it-quantized.w4a16,gemma-3,w4a16,hellaswag,83.76,82.27,-1.49,-0.7349222797927462,-2.8698445595854922,1.3999999999999997,True
RedHatAI/DeepSeek-R1-Distill-Qwen-1.5B-quantized.w4a16,deepseek-r1-distill,w4a16,hellaswag,43.86,42.38,-1.48,-0.7349222797927462,-2.8698445595854922,1.3999999999999997,True
RedHatAI/DeepSeek-R1-Distill-Qwen-32B-quantized.w4a16,deepseek-r1-distill,w4a16,humaneval_plus,82.0,80.6,-1.4,-0.7349222797927462,-2.8698445595854922,1.3999999999999997,True
RedHatAI/Qwen3-30B-A3B-quantized.w4a16,qwen3-30b-a3b,w4a16,ifeval,86.26,84.86,-1.4,-0.7349222797927462,-2.8698445595854922,1.3999999999999997,True
RedHatAI/DeepSeek-R1-Distill-Qwen-32B-quantized.w4a16,deepseek-r1-distill,w4a16,mmlu_pro,49.82,48.43,-1.39,-0.7349222797927462,-2.8698445595854922,1.3999999999999997,True
RedHatAI/DeepSeek-R1-Distill-Qwen-1.5B-quantized.w4a16,deepseek-r1-distill,w4a16,arc_challenge,37.2,35.84,-1.36,-0.7349222797927462,-2.8698445595854922,1.3999999999999997,True
RedHatAI/gemma-3-1b-it-quantized.w4a16,gemma-3,w4a16,winogrande,58.88,57.54,-1.34,-0.7349222797927462,-2.8698445595854922,1.3999999999999997,True
RedHatAI/DeepSeek-R1-Distill-Qwen-7B-quantized.w8a8,deepseek-r1-distill,w8a8_int,humaneval,40.8,39.5,-1.3,-0.3202577319587629,-1.71,1.069484536082474,True
RedHatAI/DeepSeek-R1-Distill-Qwen-7B-quantized.w8a8,deepseek-r1-distill,w8a8_int,humaneval_plus,38.5,37.2,-1.3,-0.3202577319587629,-1.71,1.069484536082474,True
RedHatAI/DeepSeek-R1-Distill-Qwen-32B-quantized.w4a16,deepseek-r1-distill,w4a16,winogrande,76.4,75.14,-1.26,-0.7349222797927462,-2.8698445595854922,1.3999999999999997,True
RedHatAI/gemma-3-27b-it-quantized.w8a8,gemma-3,w8a8_int,mmlu,77.53,76.37,-1.16,-0.3202577319587629,-1.71,1.069484536082474,True
RedHatAI/DeepSeek-R1-Distill-Qwen-14B-quantized.w4a16,deepseek-r1-distill,w4a16,mmlu,74.46,73.32,-1.14,-0.7349222797927462,-2.8698445595854922,1.3999999999999997,True
RedHatAI/DeepSeek-R1-Distill-Llama-8B-quantized.w8a8,deepseek-r1-distill,w8a8_int,winogrande,68.51,67.4,-1.11,-0.3202577319587629,-1.71,1.069484536082474,True
RedHatAI/DeepSeek-R1-Distill-Qwen-1.5B-quantized.w4a16,deepseek-r1-distill,w4a16,humaneval_plus,33.0,31.9,-1.1,-0.7349222797927462,-2.8698445595854922,1.3999999999999997,True
RedHatAI/DeepSeek-R1-Distill-Qwen-14B-quantized.w4a16,deepseek-r1-distill,w4a16,hellaswag,81.51,80.42,-1.09,-0.7349222797927462,-2.8698445595854922,1.3999999999999997,True
RedHatAI/gemma-3-4b-it-quantized.w4a16,gemma-3,w4a16,truthfulqa,51.87,50.81,-1.06,-0.7349222797927462,-2.8698445595854922,1.3999999999999997,True
RedHatAI/Llama-4-Scout-17B-16E-Instruct-quantized.w4a16,llama-4,w4a16,arc_challenge,69.37,68.34,-1.03,-0.7349222797927462,-2.8698445595854922,1.3999999999999997,True
RedHatAI/DeepSeek-R1-Distill-Qwen-7B-quantized.w8a8,deepseek-r1-distill,w8a8_int,winogrande,61.56,60.54,-1.02,-0.3202577319587629,-1.71,1.069484536082474,True
RedHatAI/DeepSeek-R1-Distill-Qwen-14B-quantized.w4a16,deepseek-r1-distill,w4a16,musr,45.14,44.2,-0.94,-0.7349222797927462,-2.8698445595854922,1.3999999999999997,True
RedHatAI/DeepSeek-R1-Distill-Qwen-32B-quantized.w4a16,deepseek-r1-distill,w4a16,arc_challenge,64.59,63.65,-0.94,-0.7349222797927462,-2.8698445595854922,1.3999999999999997,True
RedHatAI/DeepSeek-R1-Distill-Llama-70B-quantized.w4a16,deepseek-r1-distill,w4a16,humaneval,81.1,80.2,-0.9,-0.7349222797927462,-2.8698445595854922,1.3999999999999997,True
RedHatAI/DeepSeek-R1-Distill-Llama-70B-quantized.w4a16,deepseek-r1-distill,w4a16,mmlu,78.04,77.15,-0.89,-0.7349222797927462,-2.8698445595854922,1.3999999999999997,True
RedHatAI/Llama-4-Scout-17B-16E-Instruct-FP8-dynamic,llama-4,fp8_dynamic,winogrande,77.9,77.03,-0.87,-0.047700000000000006,-1.44,1.3445999999999998,True
RedHatAI/Llama-3.1-Nemotron-70B-Instruct-HF-quantized.w4a16,nemotron,w4a16,truthfulqa,64.85,64.01,-0.84,-0.7349222797927462,-2.8698445595854922,1.3999999999999997,True
RedHatAI/gemma-3-12b-it-quantized.w4a16,gemma-3,w4a16,mmlu,72.15,71.31,-0.84,-0.7349222797927462,-2.8698445595854922,1.3999999999999997,True
RedHatAI/gemma-3-27b-it-quantized.w4a16,gemma-3,w4a16,hellaswag,85.78,84.97,-0.81,-0.7349222797927462,-2.8698445595854922,1.3999999999999997,True
RedHatAI/Llama-4-Scout-17B-16E-Instruct-quantized.w4a16,llama-4,w4a16,winogrande,77.9,77.11,-0.79,-0.7349222797927462,-2.8698445595854922,1.3999999999999997,True
RedHatAI/gemma-3-12b-it-quantized.w4a16,gemma-3,w4a16,winogrande,79.4,78.61,-0.79,-0.7349222797927462,-2.8698445595854922,1.3999999999999997,True
RedHatAI/gemma-3-27b-it-quantized.w4a16,gemma-3,w4a16,mmlu,77.53,76.77,-0.76,-0.7349222797927462,-2.8698445595854922,1.3999999999999997,True
RedHatAI/Llama-4-Scout-17B-16E-Instruct-quantized.w4a16,llama-4,w4a16,mmlu_pro,55.7,54.96,-0.74,-0.7349222797927462,-2.8698445595854922,1.3999999999999997,True
RedHatAI/gemma-3-27b-it-quantized.w8a8,gemma-3,w8a8_int,hellaswag,85.78,85.05,-0.73,-0.3202577319587629,-1.71,1.069484536082474,True
RedHatAI/SmolLM-1.7B-Instruct-quantized.w8a8,smollm,w8a8_int,hellaswag,66.96,66.25,-0.71,-0.3202577319587629,-1.71,1.069484536082474,True
RedHatAI/Llama-4-Scout-17B-16E-Instruct-FP8-dynamic,llama-4,fp8_dynamic,gsm8k,90.45,89.76,-0.69,-0.047700000000000006,-1.44,1.3445999999999998,True
RedHatAI/DeepSeek-R1-Distill-Llama-8B-quantized.w8a8,deepseek-r1-distill,w8a8_int,gsm8k,62.77,62.09,-0.68,-0.3202577319587629,-1.71,1.069484536082474,True
RedHatAI/Llama-4-Scout-17B-16E-Instruct-FP8-dynamic,llama-4,fp8_dynamic,math_lvl5,57.78,57.1,-0.68,-0.047700000000000006,-1.44,1.3445999999999998,True
RedHatAI/DeepSeek-R1-Distill-Llama-8B-quantized.w8a8,deepseek-r1-distill,w8a8_int,truthfulqa,50.55,49.89,-0.66,-0.3202577319587629,-1.71,1.069484536082474,True
RedHatAI/gemma-3-12b-it-quantized.w8a8,gemma-3,w8a8_int,winogrande,79.4,78.77,-0.63,-0.3202577319587629,-1.71,1.069484536082474,True
RedHatAI/gemma-3-27b-it-FP8-dynamic,gemma-3,fp8_dynamic,winogrande,79.4,78.77,-0.63,-0.047700000000000006,-1.44,1.3445999999999998,True
RedHatAI/gemma-3-27b-it-FP8-dynamic,gemma-3,fp8_dynamic,gsm8k,92.12,91.51,-0.61,-0.047700000000000006,-1.44,1.3445999999999998,True
RedHatAI/gemma-3-4b-it-FP8-dynamic,gemma-3,fp8_dynamic,gsm8k,76.12,75.51,-0.61,-0.047700000000000006,-1.44,1.3445999999999998,True
RedHatAI/Qwen3-30B-A3B-quantized.w4a16,qwen3-30b-a3b,w4a16,gsm8k,87.26,86.66,-0.6,-0.7349222797927462,-2.8698445595854922,1.3999999999999997,True
RedHatAI/Llama-3.1-Nemotron-70B-Instruct-HF-quantized.w4a16,nemotron,w4a16,mmlu,82.56,81.97,-0.59,-0.7349222797927462,-2.8698445595854922,1.3999999999999997,True
RedHatAI/SmolLM-1.7B-Instruct-quantized.w8a8,smollm,w8a8_int,mmlu,28.1,27.54,-0.56,-0.3202577319587629,-1.71,1.069484536082474,True
RedHatAI/Qwen3-30B-A3B-FP8-dynamic,qwen3-30b-a3b,fp8_dynamic,gsm8k,87.26,86.73,-0.53,-0.047700000000000006,-1.44,1.3445999999999998,True
RedHatAI/DeepSeek-R1-Distill-Llama-8B-quantized.w4a16,deepseek-r1-distill,w4a16,ifeval,38.37,37.85,-0.52,-0.7349222797927462,-2.8698445595854922,1.3999999999999997,True
RedHatAI/Llama-3.1-Nemotron-70B-Instruct-HF-quantized.w4a16,nemotron,w4a16,hellaswag,87.61,87.09,-0.52,-0.7349222797927462,-2.8698445595854922,1.3999999999999997,True
RedHatAI/DeepSeek-R1-Distill-Qwen-14B-quantized.w4a16,deepseek-r1-distill,w4a16,arc_challenge,58.79,58.28,-0.51,-0.7349222797927462,-2.8698445595854922,1.3999999999999997,True
RedHatAI/Llama-4-Scout-17B-16E-Instruct-FP8-dynamic,llama-4,fp8_dynamic,truthfulqa,61.41,60.9,-0.51,-0.047700000000000006,-1.44,1.3445999999999998,True
RedHatAI/Qwen3-30B-A3B-quantized.w4a16,qwen3-30b-a3b,w4a16,gpqa,62.63,62.12,-0.51,-0.7349222797927462,-2.8698445595854922,1.3999999999999997,True
RedHatAI/DeepSeek-R1-Distill-Llama-8B-quantized.w4a16,deepseek-r1-distill,w4a16,humaneval,49.9,49.4,-0.5,-0.7349222797927462,-2.8698445595854922,1.3999999999999997,True
RedHatAI/gemma-3-12b-it-quantized.w8a8,gemma-3,w8a8_int,mmlu,72.15,71.65,-0.5,-0.3202577319587629,-1.71,1.069484536082474,True
RedHatAI/DeepSeek-R1-Distill-Qwen-32B-quantized.w4a16,deepseek-r1-distill,w4a16,hellaswag,83.8,83.32,-0.48,-0.7349222797927462,-2.8698445595854922,1.3999999999999997,True
RedHatAI/Qwen3-30B-A3B-FP8-dynamic,qwen3-30b-a3b,fp8_dynamic,winogrande,66.77,66.3,-0.47,-0.047700000000000006,-1.44,1.3445999999999998,True
RedHatAI/SmolLM-1.7B-Instruct-quantized.w8a8,smollm,w8a8_int,winogrande,61.01,60.54,-0.47,-0.3202577319587629,-1.71,1.069484536082474,True
RedHatAI/gemma-3-27b-it-quantized.w8a8,gemma-3,w8a8_int,truthfulqa,62.2,61.73,-0.47,-0.3202577319587629,-1.71,1.069484536082474,True
RedHatAI/gemma-3-27b-it-quantized.w4a16,gemma-3,w4a16,gsm8k,92.12,91.66,-0.46,-0.7349222797927462,-2.8698445595854922,1.3999999999999997,True
RedHatAI/Llama-4-Scout-17B-16E-Instruct-quantized.w4a16,llama-4,w4a16,math_lvl5,57.78,57.33,-0.45,-0.7349222797927462,-2.8698445595854922,1.3999999999999997,True
RedHatAI/DeepSeek-R1-Distill-Qwen-7B-quantized.w8a8,deepseek-r1-distill,w8a8_int,mmlu,54.19,53.76,-0.43,-0.3202577319587629,-1.71,1.069484536082474,True
RedHatAI/Llama-4-Scout-17B-16E-Instruct-quantized.w4a16,llama-4,w4a16,ifeval,86.9,86.47,-0.43,-0.7349222797927462,-2.8698445595854922,1.3999999999999997,True
RedHatAI/Qwen3-30B-A3B-quantized.w4a16,qwen3-30b-a3b,w4a16,arc_challenge,63.4,62.97,-0.43,-0.7349222797927462,-2.8698445595854922,1.3999999999999997,True
RedHatAI/DeepSeek-R1-Distill-Llama-70B-quantized.w4a16,deepseek-r1-distill,w4a16,hellaswag,84.85,84.43,-0.42,-0.7349222797927462,-2.8698445595854922,1.3999999999999997,True
RedHatAI/DeepSeek-R1-Distill-Qwen-1.5B-quantized.w4a16,deepseek-r1-distill,w4a16,ifeval,34.63,34.21,-0.42,-0.7349222797927462,-2.8698445595854922,1.3999999999999997,True
RedHatAI/DeepSeek-R1-Distill-Qwen-32B-quantized.w4a16,deepseek-r1-distill,w4a16,bbh,57.96,57.54,-0.42,-0.7349222797927462,-2.8698445595854922,1.3999999999999997,True
RedHatAI/DeepSeek-R1-Distill-Qwen-1.5B-quantized.w4a16,deepseek-r1-distill,w4a16,mmlu,37.38,36.98,-0.4,-0.7349222797927462,-2.8698445595854922,1.3999999999999997,True
RedHatAI/gemma-3-4b-it-FP8-dynamic,gemma-3,fp8_dynamic,mmlu,58.38,57.98,-0.4,-0.047700000000000006,-1.44,1.3445999999999998,True
RedHatAI/gemma-3-12b-it-quantized.w8a8,gemma-3,w8a8_int,gsm8k,88.1,87.72,-0.38,-0.3202577319587629,-1.71,1.069484536082474,True
RedHatAI/Llama-4-Scout-17B-16E-Instruct-quantized.w4a16,llama-4,w4a16,bbh,65.13,64.78,-0.35,-0.7349222797927462,-2.8698445595854922,1.3999999999999997,True
RedHatAI/DeepSeek-R1-Distill-Llama-70B-quantized.w4a16,deepseek-r1-distill,w4a16,arc_challenge,63.65,63.31,-0.34,-0.7349222797927462,-2.8698445595854922,1.3999999999999997,True
RedHatAI/DeepSeek-R1-Distill-Qwen-7B-quantized.w8a8,deepseek-r1-distill,w8a8_int,hellaswag,61.9,61.62,-0.28,-0.3202577319587629,-1.71,1.069484536082474,True
RedHatAI/Llama-4-Scout-17B-16E-Instruct-quantized.w4a16,llama-4,w4a16,hellaswag,85.23,84.95,-0.28,-0.7349222797927462,-2.8698445595854922,1.3999999999999997,True
RedHatAI/SmolLM-1.7B-Instruct-quantized.w8a8,smollm,w8a8_int,truthfulqa,40.48,40.21,-0.27,-0.3202577319587629,-1.71,1.069484536082474,True
RedHatAI/DeepSeek-R1-Distill-Qwen-32B-quantized.w4a16,deepseek-r1-distill,w4a16,gpqa,64.05,63.79,-0.26,-0.7349222797927462,-2.8698445595854922,1.3999999999999997,True
RedHatAI/gemma-3-4b-it-FP8-dynamic,gemma-3,fp8_dynamic,truthfulqa,51.87,51.62,-0.25,-0.047700000000000006,-1.44,1.3445999999999998,True
RedHatAI/gemma-3-12b-it-quantized.w8a8,gemma-3,w8a8_int,hellaswag,83.76,83.53,-0.23,-0.3202577319587629,-1.71,1.069484536082474,True
RedHatAI/DeepSeek-R1-Distill-Qwen-32B-quantized.w4a16,deepseek-r1-distill,w4a16,mmlu,81.12,80.91,-0.21,-0.7349222797927462,-2.8698445595854922,1.3999999999999997,True
RedHatAI/Llama-4-Scout-17B-16E-Instruct-quantized.w4a16,llama-4,w4a16,mmlu,80.54,80.34,-0.2,-0.7349222797927462,-2.8698445595854922,1.3999999999999997,True
RedHatAI/Qwen3-30B-A3B-FP8-dynamic,qwen3-30b-a3b,fp8_dynamic,mmlu,77.67,77.49,-0.18,-0.047700000000000006,-1.44,1.3445999999999998,True
RedHatAI/Qwen3-30B-A3B-FP8-dynamic,qwen3-30b-a3b,fp8_dynamic,ifeval,86.26,86.08,-0.18,-0.047700000000000006,-1.44,1.3445999999999998,True
RedHatAI/gemma-3-27b-it-quantized.w4a16,gemma-3,w4a16,arc_challenge,72.53,72.35,-0.18,-0.7349222797927462,-2.8698445595854922,1.3999999999999997,True
RedHatAI/DeepSeek-R1-Distill-Llama-8B-quantized.w8a8,deepseek-r1-distill,w8a8_int,mmlu,55.65,55.53,-0.12,-0.3202577319587629,-1.71,1.069484536082474,True
RedHatAI/Llama-4-Scout-17B-16E-Instruct-FP8-dynamic,llama-4,fp8_dynamic,bbh,65.13,65.01,-0.12,-0.047700000000000006,-1.44,1.3445999999999998,True
RedHatAI/Llama-4-Scout-17B-16E-Instruct-quantized.w4a16,llama-4,w4a16,truthfulqa,61.41,61.3,-0.11,-0.7349222797927462,-2.8698445595854922,1.3999999999999997,True
RedHatAI/Qwen3-30B-A3B-FP8-dynamic,qwen3-30b-a3b,fp8_dynamic,bbh,34.81,34.7,-0.11,-0.047700000000000006,-1.44,1.3445999999999998,True
RedHatAI/Llama-4-Scout-17B-16E-Instruct-FP8-dynamic,llama-4,fp8_dynamic,mmlu_pro,55.7,55.6,-0.1,-0.047700000000000006,-1.44,1.3445999999999998,True
RedHatAI/NVIDIA-Nemotron-Nano-9B-v2-quantized.w4a16,nemotron,w4a16,gpqa,56.26,56.16,-0.1,-0.7349222797927462,-2.8698445595854922,1.3999999999999997,True
RedHatAI/gemma-3-27b-it-FP8-dynamic,gemma-3,fp8_dynamic,hellaswag,85.78,85.69,-0.09,-0.047700000000000006,-1.44,1.3445999999999998,True
RedHatAI/DeepSeek-R1-Distill-Llama-8B-quantized.w4a16,deepseek-r1-distill,w4a16,winogrande,68.51,68.43,-0.08,-0.7349222797927462,-2.8698445595854922,1.3999999999999997,True
RedHatAI/SmolLM-1.7B-Instruct-quantized.w8a8,smollm,w8a8_int,arc_challenge,49.06,48.98,-0.08,-0.3202577319587629,-1.71,1.069484536082474,True
RedHatAI/gemma-3-27b-it-FP8-dynamic,gemma-3,fp8_dynamic,mmlu,77.53,77.45,-0.08,-0.047700000000000006,-1.44,1.3445999999999998,True
RedHatAI/SmolLM-1.7B-Instruct-quantized.w8a16,smollm,w8a16,hellaswag,66.96,66.89,-0.07,-0.08406976744186047,-0.98,0.8118604651162791,True
RedHatAI/Llama-4-Scout-17B-16E-Instruct-FP8-dynamic,llama-4,fp8_dynamic,hellaswag,85.23,85.18,-0.05,-0.047700000000000006,-1.44,1.3445999999999998,True
RedHatAI/Llama-4-Scout-17B-16E-Instruct-FP8-dynamic,llama-4,fp8_dynamic,mmlu,80.54,80.49,-0.05,-0.047700000000000006,-1.44,1.3445999999999998,True
RedHatAI/DeepSeek-R1-Distill-Llama-70B-quantized.w4a16,deepseek-r1-distill,w4a16,ifeval,42.45,42.41,-0.04,-0.7349222797927462,-2.8698445595854922,1.3999999999999997,True
RedHatAI/gemma-3-4b-it-FP8-dynamic,gemma-3,fp8_dynamic,hellaswag,74.96,74.92,-0.04,-0.047700000000000006,-1.44,1.3445999999999998,True
RedHatAI/DeepSeek-R1-Distill-Llama-70B-quantized.w4a16,deepseek-r1-distill,w4a16,gsm8k,93.03,93.03,0.0,-0.7349222797927462,-2.8698445595854922,1.3999999999999997,True
RedHatAI/DeepSeek-R1-Distill-Qwen-32B-quantized.w4a16,deepseek-r1-distill,w4a16,humaneval,86.0,86.0,0.0,-0.7349222797927462,-2.8698445595854922,1.3999999999999997,True
RedHatAI/DeepSeek-R1-Distill-Qwen-7B-quantized.w8a8,deepseek-r1-distill,w8a8_int,arc_challenge,50.51,50.51,0.0,-0.3202577319587629,-1.71,1.069484536082474,True
RedHatAI/Llama-4-Scout-17B-16E-Instruct-quantized.w4a16,llama-4,w4a16,gpqa,31.88,31.88,0.0,-0.7349222797927462,-2.8698445595854922,1.3999999999999997,True
RedHatAI/Qwen3-30B-A3B-FP8-dynamic,qwen3-30b-a3b,fp8_dynamic,hellaswag,54.33,54.33,0.0,-0.047700000000000006,-1.44,1.3445999999999998,True
RedHatAI/Qwen3-30B-A3B-FP8-dynamic,qwen3-30b-a3b,fp8_dynamic,gpqa,62.63,62.63,0.0,-0.047700000000000006,-1.44,1.3445999999999998,True
RedHatAI/gemma-3-12b-it-quantized.w8a8,gemma-3,w8a8_int,arc_challenge,68.43,68.43,0.0,-0.3202577319587629,-1.71,1.069484536082474,True
RedHatAI/gemma-3-27b-it-FP8-dynamic,gemma-3,fp8_dynamic,truthfulqa,62.2,62.2,0.0,-0.047700000000000006,-1.44,1.3445999999999998,True
RedHatAI/gemma-3-4b-it-quantized.w4a16,gemma-3,w4a16,arc_challenge,56.57,56.57,0.0,-0.7349222797927462,-2.8698445595854922,1.3999999999999997,True
RedHatAI/DeepSeek-R1-Distill-Llama-8B-quantized.w8a8,deepseek-r1-distill,w8a8_int,hellaswag,76.78,76.8,0.02,-0.3202577319587629,-1.71,1.069484536082474,True
RedHatAI/DeepSeek-R1-Distill-Llama-8B-quantized.w8a8,deepseek-r1-distill,w8a8_int,ifeval,38.37,38.4,0.03,-0.3202577319587629,-1.71,1.069484536082474,True
RedHatAI/DeepSeek-R1-Distill-Qwen-14B-quantized.w4a16,deepseek-r1-distill,w4a16,humaneval,78.9,79.0,0.1,-0.7349222797927462,-2.8698445595854922,1.3999999999999997,True
RedHatAI/DeepSeek-R1-Distill-Qwen-7B-quantized.w8a8,deepseek-r1-distill,w8a8_int,gpqa,50.53,50.65,0.12,-0.3202577319587629,-1.71,1.069484536082474,True
RedHatAI/Llama-3.1-Nemotron-70B-Instruct-HF-quantized.w4a16,nemotron,w4a16,mmlu_pro,43.45,43.57,0.12,-0.7349222797927462,-2.8698445595854922,1.3999999999999997,True
RedHatAI/DeepSeek-R1-Distill-Qwen-32B-quantized.w4a16,deepseek-r1-distill,w4a16,truthfulqa,58.41,58.54,0.13,-0.7349222797927462,-2.8698445595854922,1.3999999999999997,True
RedHatAI/SmolLM-1.7B-Instruct-quantized.w8a16,smollm,w8a16,winogrande,61.01,61.17,0.16,-0.08406976744186047,-0.98,0.8118604651162791,True
RedHatAI/DeepSeek-R1-Distill-Llama-8B-quantized.w8a8,deepseek-r1-distill,w8a8_int,arc_challenge,45.05,45.22,0.17,-0.3202577319587629,-1.71,1.069484536082474,True
RedHatAI/Llama-4-Scout-17B-16E-Instruct-FP8-dynamic,llama-4,fp8_dynamic,gpqa,31.88,32.05,0.17,-0.047700000000000006,-1.44,1.3445999999999998,True
RedHatAI/gemma-3-27b-it-FP8-dynamic,gemma-3,fp8_dynamic,arc_challenge,72.53,72.7,0.17,-0.047700000000000006,-1.44,1.3445999999999998,True
RedHatAI/DeepSeek-R1-Distill-Qwen-14B-quantized.w4a16,deepseek-r1-distill,w4a16,humaneval_plus,72.6,72.8,0.2,-0.7349222797927462,-2.8698445595854922,1.3999999999999997,True
RedHatAI/gemma-3-12b-it-quantized.w4a16,gemma-3,w4a16,truthfulqa,58.13,58.34,0.21,-0.7349222797927462,-2.8698445595854922,1.3999999999999997,True
RedHatAI/DeepSeek-R1-Distill-Qwen-14B-quantized.w4a16,deepseek-r1-distill,w4a16,mmlu_pro,34.86,35.09,0.23,-0.7349222797927462,-2.8698445595854922,1.3999999999999997,True
RedHatAI/Llama-4-Scout-17B-16E-Instruct-FP8-dynamic,llama-4,fp8_dynamic,arc_challenge,69.37,69.62,0.25,-0.047700000000000006,-1.44,1.3445999999999998,True
RedHatAI/Qwen3-30B-A3B-FP8-dynamic,qwen3-30b-a3b,fp8_dynamic,arc_challenge,63.4,63.65,0.25,-0.047700000000000006,-1.44,1.3445999999999998,True
RedHatAI/SmolLM-1.7B-Instruct-quantized.w8a16,smollm,w8a16,arc_challenge,49.06,49.32,0.26,-0.08406976744186047,-0.98,0.8118604651162791,True
RedHatAI/DeepSeek-R1-Distill-Qwen-14B-quantized.w4a16,deepseek-r1-distill,w4a16,gsm8k,87.04,87.34,0.3,-0.7349222797927462,-2.8698445595854922,1.3999999999999997,True
RedHatAI/DeepSeek-R1-Distill-Llama-8B-quantized.w4a16,deepseek-r1-distill,w4a16,gsm8k,62.77,63.08,0.31,-0.7349222797927462,-2.8698445595854922,1.3999999999999997,True
RedHatAI/gemma-3-12b-it-quantized.w8a8,gemma-3,w8a8_int,truthfulqa,58.13,58.44,0.31,-0.3202577319587629,-1.71,1.069484536082474,True
RedHatAI/SmolLM-1.7B-Instruct-quantized.w8a16,smollm,w8a16,mmlu,28.1,28.42,0.32,-0.08406976744186047,-0.98,0.8118604651162791,True
RedHatAI/gemma-3-27b-it-quantized.w8a8,gemma-3,w8a8_int,winogrande,79.4,79.72,0.32,-0.3202577319587629,-1.71,1.069484536082474,True
RedHatAI/gemma-3-27b-it-quantized.w4a16,gemma-3,w4a16,truthfulqa,62.2,62.57,0.37,-0.7349222797927462,-2.8698445595854922,1.3999999999999997,True
RedHatAI/DeepSeek-R1-Distill-Qwen-32B-quantized.w4a16,deepseek-r1-distill,w4a16,musr,43.95,44.34,0.39,-0.7349222797927462,-2.8698445595854922,1.3999999999999997,True
RedHatAI/Llama-4-Scout-17B-16E-Instruct-quantized.w4a16,llama-4,w4a16,musr,42.2,42.59,0.39,-0.7349222797927462,-2.8698445595854922,1.3999999999999997,True
RedHatAI/Qwen3-30B-A3B-quantized.w4a16,qwen3-30b-a3b,w4a16,hellaswag,54.33,54.76,0.43,-0.7349222797927462,-2.8698445595854922,1.3999999999999997,True
RedHatAI/gemma-3-4b-it-FP8-dynamic,gemma-3,fp8_dynamic,arc_challenge,56.57,57.08,0.51,-0.047700000000000006,-1.44,1.3445999999999998,True
RedHatAI/DeepSeek-R1-Distill-Qwen-14B-quantized.w4a16,deepseek-r1-distill,w4a16,truthfulqa,54.77,55.29,0.52,-0.7349222797927462,-2.8698445595854922,1.3999999999999997,True
RedHatAI/Llama-3.1-Nemotron-70B-Instruct-HF-quantized.w4a16,nemotron,w4a16,winogrande,83.82,84.37,0.55,-0.7349222797927462,-2.8698445595854922,1.3999999999999997,True
RedHatAI/DeepSeek-R1-Distill-Qwen-7B-quantized.w8a8,deepseek-r1-distill,w8a8_int,truthfulqa,45.55,46.14,0.59,-0.3202577319587629,-1.71,1.069484536082474,True
RedHatAI/Qwen3-30B-A3B-FP8-dynamic,qwen3-30b-a3b,fp8_dynamic,truthfulqa,56.27,56.88,0.61,-0.047700000000000006,-1.44,1.3445999999999998,True
RedHatAI/SmolLM3-3B-quantized.w4a16,smollm3,w4a16,gpqa,41.22,41.86,0.64,-0.7349222797927462,-2.8698445595854922,1.3999999999999997,True
RedHatAI/Llama-3.1-Nemotron-70B-Instruct-HF-quantized.w4a16,nemotron,w4a16,arc_challenge,71.76,72.53,0.77,-0.7349222797927462,-2.8698445595854922,1.3999999999999997,True
RedHatAI/Llama-4-Scout-17B-16E-Instruct-FP8-dynamic,llama-4,fp8_dynamic,ifeval,86.9,87.69,0.79,-0.047700000000000006,-1.44,1.3445999999999998,True
RedHatAI/DeepSeek-R1-Distill-Qwen-7B-quantized.w8a8,deepseek-r1-distill,w8a8_int,ifeval,39.38,40.2,0.82,-0.3202577319587629,-1.71,1.069484536082474,True
RedHatAI/DeepSeek-R1-Distill-Llama-8B-quantized.w4a16,deepseek-r1-distill,w4a16,humaneval_plus,44.1,45.0,0.9,-0.7349222797927462,-2.8698445595854922,1.3999999999999997,True
RedHatAI/Llama-4-Scout-17B-16E-Instruct-FP8-dynamic,llama-4,fp8_dynamic,musr,42.2,43.12,0.92,-0.047700000000000006,-1.44,1.3445999999999998,True
RedHatAI/Llama-3.1-Nemotron-70B-Instruct-HF-quantized.w4a16,nemotron,w4a16,bbh,47.39,48.33,0.94,-0.7349222797927462,-2.8698445595854922,1.3999999999999997,True
RedHatAI/Qwen3-30B-A3B-FP8-dynamic,qwen3-30b-a3b,fp8_dynamic,mmlu_pro,47.45,48.4,0.95,-0.047700000000000006,-1.44,1.3445999999999998,True
RedHatAI/DeepSeek-R1-Distill-Llama-8B-quantized.w8a8,deepseek-r1-distill,w8a8_int,humaneval,49.9,50.9,1.0,-0.3202577319587629,-1.71,1.069484536082474,True
RedHatAI/DeepSeek-R1-Distill-Qwen-14B-quantized.w4a16,deepseek-r1-distill,w4a16,winogrande,69.38,70.48,1.1,-0.7349222797927462,-2.8698445595854922,1.3999999999999997,True
RedHatAI/DeepSeek-R1-Distill-Llama-70B-quantized.w4a16,deepseek-r1-distill,w4a16,truthfulqa,56.67,57.79,1.12,-0.7349222797927462,-2.8698445595854922,1.3999999999999997,True
RedHatAI/DeepSeek-R1-Distill-Qwen-1.5B-quantized.w4a16,deepseek-r1-distill,w4a16,winogrande,54.3,55.49,1.19,-0.7349222797927462,-2.8698445595854922,1.3999999999999997,True
RedHatAI/DeepSeek-R1-Distill-Llama-70B-quantized.w4a16,deepseek-r1-distill,w4a16,winogrande,78.22,79.48,1.26,-0.7349222797927462,-2.8698445595854922,1.3999999999999997,True
