model,ckpt,scheme,band,delta,lo,hi,level,inside
RedHatAI/Llama-3.2-1B-Instruct-FP8-dynamic,Llama-3.2-1B-Instruct,fp8_dynamic,<2B,-0.11,-1.483111111111111,1.37,scheme,True
RedHatAI/Llama-3.2-1B-Instruct-FP8-dynamic,Llama-3.2-1B-Instruct,fp8_dynamic,<2B,-0.31,-1.483111111111111,1.37,scheme,True
RedHatAI/Llama-3.2-1B-Instruct-FP8-dynamic,Llama-3.2-1B-Instruct,fp8_dynamic,<2B,-1.11,-1.483111111111111,1.37,scheme,True
RedHatAI/Llama-3.2-1B-Instruct-FP8-dynamic,Llama-3.2-1B-Instruct,fp8_dynamic,<2B,0.22,-1.483111111111111,1.37,scheme,True
RedHatAI/Llama-3.2-1B-Instruct-FP8-dynamic,Llama-3.2-1B-Instruct,fp8_dynamic,<2B,-0.87,-1.483111111111111,1.37,scheme,True
RedHatAI/Llama-3.2-1B-Instruct-FP8-dynamic,Llama-3.2-1B-Instruct,fp8_dynamic,<2B,-0.06,-1.483111111111111,1.37,scheme,True
RedHatAI/Llama-3.2-1B-Instruct-FP8-dynamic,Llama-3.2-1B-Instruct,fp8_dynamic,<2B,0.71,-1.483111111111111,1.37,scheme,True
RedHatAI/Llama-3.2-1B-Instruct-FP8,Llama-3.2-1B-Instruct,fp8,<2B,0.1,-1.19,0.6094202898550725,scheme,True
RedHatAI/Llama-3.2-1B-Instruct-FP8,Llama-3.2-1B-Instruct,fp8,<2B,-0.51,-1.19,0.6094202898550725,scheme,True
RedHatAI/Llama-3.2-1B-Instruct-FP8,Llama-3.2-1B-Instruct,fp8,<2B,-0.23,-1.19,0.6094202898550725,scheme,True
RedHatAI/Llama-3.2-1B-Instruct-FP8,Llama-3.2-1B-Instruct,fp8,<2B,-0.01,-1.19,0.6094202898550725,scheme,True
RedHatAI/Llama-3.2-1B-Instruct-FP8,Llama-3.2-1B-Instruct,fp8,<2B,0.08,-1.19,0.6094202898550725,scheme,True
RedHatAI/Llama-3.2-1B-Instruct-FP8,Llama-3.2-1B-Instruct,fp8,<2B,-0.44,-1.19,0.6094202898550725,scheme,True
RedHatAI/Llama-3.2-1B-Instruct-quantized.w8a8,Llama-3.2-1B-Instruct,w8a8_int,<2B,0.29,-1.71,1.07375,scheme,True
RedHatAI/Llama-3.2-1B-Instruct-quantized.w8a8,Llama-3.2-1B-Instruct,w8a8_int,<2B,-2.47,-1.71,1.07375,scheme,False
RedHatAI/Llama-3.2-1B-Instruct-quantized.w8a8,Llama-3.2-1B-Instruct,w8a8_int,<2B,-2.22,-1.71,1.07375,scheme,False
RedHatAI/Llama-3.2-1B-Instruct-quantized.w8a8,Llama-3.2-1B-Instruct,w8a8_int,<2B,0.98,-1.71,1.07375,scheme,True
RedHatAI/Llama-3.2-1B-Instruct-quantized.w8a8,Llama-3.2-1B-Instruct,w8a8_int,<2B,-0.06,-1.71,1.07375,scheme,True
RedHatAI/Llama-3.2-1B-Instruct-quantized.w8a8,Llama-3.2-1B-Instruct,w8a8_int,<2B,-0.94,-1.71,1.07375,scheme,True
RedHatAI/Llama-3.2-1B-Instruct-quantized.w8a8,Llama-3.2-1B-Instruct,w8a8_int,<2B,-0.68,-1.71,1.07375,scheme,True
RedHatAI/Llama-3.2-3B-Instruct-FP8-dynamic,Llama-3.2-3B-Instruct,fp8_dynamic,2-10B,-0.03,-1.474222222222222,1.37,scheme,True
RedHatAI/Llama-3.2-3B-Instruct-FP8-dynamic,Llama-3.2-3B-Instruct,fp8_dynamic,2-10B,-0.17,-1.474222222222222,1.37,scheme,True
RedHatAI/Llama-3.2-3B-Instruct-FP8-dynamic,Llama-3.2-3B-Instruct,fp8_dynamic,2-10B,-0.42,-1.474222222222222,1.37,scheme,True
RedHatAI/Llama-3.2-3B-Instruct-FP8-dynamic,Llama-3.2-3B-Instruct,fp8_dynamic,2-10B,-1.22,-1.474222222222222,1.37,scheme,True
RedHatAI/Llama-3.2-3B-Instruct-FP8-dynamic,Llama-3.2-3B-Instruct,fp8_dynamic,2-10B,0.0,-1.474222222222222,1.37,scheme,True
RedHatAI/Llama-3.2-3B-Instruct-FP8-dynamic,Llama-3.2-3B-Instruct,fp8_dynamic,2-10B,-0.08,-1.474222222222222,1.37,scheme,True
RedHatAI/Llama-3.2-3B-Instruct-FP8-dynamic,Llama-3.2-3B-Instruct,fp8_dynamic,2-10B,-0.41,-1.474222222222222,1.37,scheme,True
RedHatAI/Llama-3.2-3B-Instruct-FP8,Llama-3.2-3B-Instruct,fp8,2-10B,-0.37,-1.19,0.6108823529411764,scheme,True
RedHatAI/Llama-3.2-3B-Instruct-FP8,Llama-3.2-3B-Instruct,fp8,2-10B,-0.2,-1.19,0.6108823529411764,scheme,True
RedHatAI/Llama-3.2-3B-Instruct-FP8,Llama-3.2-3B-Instruct,fp8,2-10B,-0.51,-1.19,0.6108823529411764,scheme,True
RedHatAI/Llama-3.2-3B-Instruct-FP8,Llama-3.2-3B-Instruct,fp8,2-10B,-0.08,-1.19,0.6108823529411764,scheme,True
RedHatAI/Llama-3.2-3B-Instruct-FP8,Llama-3.2-3B-Instruct,fp8,2-10B,-0.14,-1.19,0.6108823529411764,scheme,True
RedHatAI/Llama-3.2-3B-Instruct-FP8,Llama-3.2-3B-Instruct,fp8,2-10B,-0.23,-1.19,0.6108823529411764,scheme,True
RedHatAI/Llama-3.2-3B-Instruct-FP8,Llama-3.2-3B-Instruct,fp8,2-10B,0.18,-1.19,0.6108823529411764,scheme,True
RedHatAI/Llama-3.2-3B-Instruct-quantized.w8a8,Llama-3.2-3B-Instruct,w8a8_int,2-10B,-0.23,-1.8207909604519774,1.13,scheme,True
RedHatAI/Llama-3.2-3B-Instruct-quantized.w8a8,Llama-3.2-3B-Instruct,w8a8_int,2-10B,-0.35,-1.8207909604519774,1.13,scheme,True
RedHatAI/Llama-3.2-3B-Instruct-quantized.w8a8,Llama-3.2-3B-Instruct,w8a8_int,2-10B,-0.68,-1.8207909604519774,1.13,scheme,True
RedHatAI/Llama-3.2-3B-Instruct-quantized.w8a8,Llama-3.2-3B-Instruct,w8a8_int,2-10B,-0.38,-1.8207909604519774,1.13,scheme,True
RedHatAI/Llama-3.2-3B-Instruct-quantized.w8a8,Llama-3.2-3B-Instruct,w8a8_int,2-10B,0.01,-1.8207909604519774,1.13,scheme,True
RedHatAI/Llama-3.2-3B-Instruct-quantized.w8a8,Llama-3.2-3B-Instruct,w8a8_int,2-10B,0.79,-1.8207909604519774,1.13,scheme,True
RedHatAI/Llama-3.3-70B-Instruct-FP8-dynamic,Llama-3.3-70B-Instruct,fp8_dynamic,>10B,-0.29,-1.5395375722543352,1.37,scheme,True
RedHatAI/Llama-3.3-70B-Instruct-FP8-dynamic,Llama-3.3-70B-Instruct,fp8_dynamic,>10B,-0.24,-1.5395375722543352,1.37,scheme,True
RedHatAI/Llama-3.3-70B-Instruct-FP8-dynamic,Llama-3.3-70B-Instruct,fp8_dynamic,>10B,2.73,-1.5395375722543352,1.37,scheme,False
RedHatAI/Llama-3.3-70B-Instruct-FP8-dynamic,Llama-3.3-70B-Instruct,fp8_dynamic,>10B,0.76,-1.5395375722543352,1.37,scheme,True
RedHatAI/Llama-3.3-70B-Instruct-FP8-dynamic,Llama-3.3-70B-Instruct,fp8_dynamic,>10B,-0.06,-1.5395375722543352,1.37,scheme,True
RedHatAI/Llama-3.3-70B-Instruct-FP8-dynamic,Llama-3.3-70B-Instruct,fp8_dynamic,>10B,-0.24,-1.5395375722543352,1.37,scheme,True
RedHatAI/Llama-3.3-70B-Instruct-FP8-dynamic,Llama-3.3-70B-Instruct,fp8_dynamic,>10B,0.46,-1.5395375722543352,1.37,scheme,True
RedHatAI/Llama-3.3-70B-Instruct-FP8-dynamic,Llama-3.3-70B-Instruct,fp8_dynamic,>10B,-0.39,-1.5395375722543352,1.37,scheme,True
RedHatAI/Llama-3.3-70B-Instruct-FP8-dynamic,Llama-3.3-70B-Instruct,fp8_dynamic,>10B,0.03,-1.5395375722543352,1.37,scheme,True
RedHatAI/Llama-3.3-70B-Instruct-FP8-dynamic,Llama-3.3-70B-Instruct,fp8_dynamic,>10B,-0.31,-1.5395375722543352,1.37,scheme,True
RedHatAI/Llama-3.3-70B-Instruct-FP8-dynamic,Llama-3.3-70B-Instruct,fp8_dynamic,>10B,0.2,-1.5395375722543352,1.37,scheme,True
RedHatAI/Llama-3.3-70B-Instruct-FP8-dynamic,Llama-3.3-70B-Instruct,fp8_dynamic,>10B,-0.39,-1.5395375722543352,1.37,scheme,True
RedHatAI/Llama-3.3-70B-Instruct-FP8-dynamic,Llama-3.3-70B-Instruct,fp8_dynamic,>10B,0.5,-1.5395375722543352,1.37,scheme,True
RedHatAI/Llama-3.3-70B-Instruct-FP8-dynamic,Llama-3.3-70B-Instruct,fp8_dynamic,>10B,0.3,-1.5395375722543352,1.37,scheme,True
RedHatAI/Llama-3.3-70B-Instruct-NVFP4,Llama-3.3-70B-Instruct,nvfp4,>10B,-2.12,-2.353684210526316,1.2,pooled,True
RedHatAI/Llama-3.3-70B-Instruct-NVFP4,Llama-3.3-70B-Instruct,nvfp4,>10B,-1.65,-2.353684210526316,1.2,pooled,True
RedHatAI/Llama-3.3-70B-Instruct-NVFP4,Llama-3.3-70B-Instruct,nvfp4,>10B,-0.77,-2.353684210526316,1.2,pooled,True
RedHatAI/Llama-3.3-70B-Instruct-NVFP4,Llama-3.3-70B-Instruct,nvfp4,>10B,-8.12,-2.353684210526316,1.2,pooled,False
RedHatAI/Llama-3.3-70B-Instruct-NVFP4,Llama-3.3-70B-Instruct,nvfp4,>10B,5.17,-2.353684210526316,1.2,pooled,False
RedHatAI/Llama-3.3-70B-Instruct-NVFP4,Llama-3.3-70B-Instruct,nvfp4,>10B,-0.95,-2.353684210526316,1.2,pooled,True
RedHatAI/Llama-3.3-70B-Instruct-NVFP4,Llama-3.3-70B-Instruct,nvfp4,>10B,0.0,-2.353684210526316,1.2,pooled,True
RedHatAI/Llama-3.3-70B-Instruct-NVFP4,Llama-3.3-70B-Instruct,nvfp4,>10B,-3.22,-2.353684210526316,1.2,pooled,False
RedHatAI/Llama-3.3-70B-Instruct-NVFP4,Llama-3.3-70B-Instruct,nvfp4,>10B,-0.96,-2.353684210526316,1.2,pooled,True
RedHatAI/Llama-3.3-70B-Instruct-NVFP4,Llama-3.3-70B-Instruct,nvfp4,>10B,-2.74,-2.353684210526316,1.2,pooled,False
RedHatAI/Llama-3.3-70B-Instruct-NVFP4,Llama-3.3-70B-Instruct,nvfp4,>10B,-4.15,-2.353684210526316,1.2,pooled,False
RedHatAI/Llama-3.3-70B-Instruct-NVFP4,Llama-3.3-70B-Instruct,nvfp4,>10B,0.58,-2.353684210526316,1.2,pooled,True
RedHatAI/Llama-3.3-70B-Instruct-NVFP4,Llama-3.3-70B-Instruct,nvfp4,>10B,0.0,-2.353684210526316,1.2,pooled,True
RedHatAI/Llama-3.3-70B-Instruct-NVFP4,Llama-3.3-70B-Instruct,nvfp4,>10B,-3.92,-2.353684210526316,1.2,pooled,False
RedHatAI/Llama-3.3-70B-Instruct-quantized.w4a16,Llama-3.3-70B-Instruct,w4a16,>10B,-0.98,-3.03,1.5642528735632184,scheme,True
RedHatAI/Llama-3.3-70B-Instruct-quantized.w4a16,Llama-3.3-70B-Instruct,w4a16,>10B,-0.77,-3.03,1.5642528735632184,scheme,True
RedHatAI/Llama-3.3-70B-Instruct-quantized.w4a16,Llama-3.3-70B-Instruct,w4a16,>10B,0.26,-3.03,1.5642528735632184,scheme,True
RedHatAI/Llama-3.3-70B-Instruct-quantized.w4a16,Llama-3.3-70B-Instruct,w4a16,>10B,0.31,-3.03,1.5642528735632184,scheme,True
RedHatAI/Llama-3.3-70B-Instruct-quantized.w4a16,Llama-3.3-70B-Instruct,w4a16,>10B,-0.52,-3.03,1.5642528735632184,scheme,True
RedHatAI/Llama-3.3-70B-Instruct-quantized.w4a16,Llama-3.3-70B-Instruct,w4a16,>10B,-0.32,-3.03,1.5642528735632184,scheme,True
RedHatAI/Llama-3.3-70B-Instruct-quantized.w4a16,Llama-3.3-70B-Instruct,w4a16,>10B,-1.09,-3.03,1.5642528735632184,scheme,True
RedHatAI/Llama-3.3-70B-Instruct-quantized.w4a16,Llama-3.3-70B-Instruct,w4a16,>10B,0.2,-3.03,1.5642528735632184,scheme,True
RedHatAI/Llama-3.3-70B-Instruct-quantized.w4a16,Llama-3.3-70B-Instruct,w4a16,>10B,0.2,-3.03,1.5642528735632184,scheme,True
RedHatAI/Llama-3.3-70B-Instruct-quantized.w8a8,Llama-3.3-70B-Instruct,w8a8_int,>10B,-0.41,-1.825204678362573,1.14,scheme,True
RedHatAI/Llama-3.3-70B-Instruct-quantized.w8a8,Llama-3.3-70B-Instruct,w8a8_int,>10B,-0.66,-1.825204678362573,1.14,scheme,True
RedHatAI/Llama-3.3-70B-Instruct-quantized.w8a8,Llama-3.3-70B-Instruct,w8a8_int,>10B,-1.19,-1.825204678362573,1.14,scheme,True
RedHatAI/Llama-3.3-70B-Instruct-quantized.w8a8,Llama-3.3-70B-Instruct,w8a8_int,>10B,-0.15,-1.825204678362573,1.14,scheme,True
RedHatAI/Llama-3.3-70B-Instruct-quantized.w8a8,Llama-3.3-70B-Instruct,w8a8_int,>10B,-0.02,-1.825204678362573,1.14,scheme,True
RedHatAI/Llama-3.3-70B-Instruct-quantized.w8a8,Llama-3.3-70B-Instruct,w8a8_int,>10B,-1.03,-1.825204678362573,1.14,scheme,True
RedHatAI/Llama-3.3-70B-Instruct-quantized.w8a8,Llama-3.3-70B-Instruct,w8a8_int,>10B,-0.34,-1.825204678362573,1.14,scheme,True
RedHatAI/Llama-3.3-70B-Instruct-quantized.w8a8,Llama-3.3-70B-Instruct,w8a8_int,>10B,-0.61,-1.825204678362573,1.14,scheme,True
RedHatAI/Llama-3.3-70B-Instruct-quantized.w8a8,Llama-3.3-70B-Instruct,w8a8_int,>10B,0.34,-1.825204678362573,1.14,scheme,True
RedHatAI/Llama-3.3-70B-Instruct-quantized.w8a8,Llama-3.3-70B-Instruct,w8a8_int,>10B,-0.01,-1.825204678362573,1.14,scheme,True
RedHatAI/Llama-3.3-70B-Instruct-quantized.w8a8,Llama-3.3-70B-Instruct,w8a8_int,>10B,0.1,-1.825204678362573,1.14,scheme,True
RedHatAI/Llama-3.3-70B-Instruct-quantized.w8a8,Llama-3.3-70B-Instruct,w8a8_int,>10B,0.2,-1.825204678362573,1.14,scheme,True
RedHatAI/Meta-Llama-3.1-405B-FP8,Meta-Llama-3.1-405B,fp8,>10B,-0.17,-1.1,0.5733333333333333,scheme,True
RedHatAI/Meta-Llama-3.1-405B-FP8,Meta-Llama-3.1-405B,fp8,>10B,-0.16,-1.1,0.5733333333333333,scheme,True
RedHatAI/Meta-Llama-3.1-405B-FP8,Meta-Llama-3.1-405B,fp8,>10B,-0.88,-1.1,0.5733333333333333,scheme,True
RedHatAI/Meta-Llama-3.1-405B-FP8,Meta-Llama-3.1-405B,fp8,>10B,-1.19,-1.1,0.5733333333333333,scheme,False
RedHatAI/Meta-Llama-3.1-405B-FP8,Meta-Llama-3.1-405B,fp8,>10B,-1.9,-1.1,0.5733333333333333,scheme,False
RedHatAI/Meta-Llama-3.1-405B-Instruct-FP8-dynamic,Meta-Llama-3.1-405B-Instruct,fp8_dynamic,>10B,-0.7,-1.523409090909091,1.4,scheme,True
RedHatAI/Meta-Llama-3.1-405B-Instruct-FP8-dynamic,Meta-Llama-3.1-405B-Instruct,fp8_dynamic,>10B,0.1,-1.523409090909091,1.4,scheme,True
RedHatAI/Meta-Llama-3.1-405B-Instruct-FP8-dynamic,Meta-Llama-3.1-405B-Instruct,fp8_dynamic,>10B,0.0,-1.523409090909091,1.4,scheme,True
RedHatAI/Meta-Llama-3.1-405B-Instruct-FP8-dynamic,Meta-Llama-3.1-405B-Instruct,fp8_dynamic,>10B,0.0,-1.523409090909091,1.4,scheme,True
RedHatAI/Meta-Llama-3.1-405B-Instruct-FP8-dynamic,Meta-Llama-3.1-405B-Instruct,fp8_dynamic,>10B,-0.2,-1.523409090909091,1.4,scheme,True
RedHatAI/Meta-Llama-3.1-405B-Instruct-FP8-dynamic,Meta-Llama-3.1-405B-Instruct,fp8_dynamic,>10B,0.0,-1.523409090909091,1.4,scheme,True
RedHatAI/Meta-Llama-3.1-405B-Instruct-FP8-dynamic,Meta-Llama-3.1-405B-Instruct,fp8_dynamic,>10B,0.8,-1.523409090909091,1.4,scheme,True
RedHatAI/Meta-Llama-3.1-405B-Instruct-FP8-dynamic,Meta-Llama-3.1-405B-Instruct,fp8_dynamic,>10B,0.0,-1.523409090909091,1.4,scheme,True
RedHatAI/Meta-Llama-3.1-405B-Instruct-FP8-dynamic,Meta-Llama-3.1-405B-Instruct,fp8_dynamic,>10B,-0.3,-1.523409090909091,1.4,scheme,True
RedHatAI/Meta-Llama-3.1-405B-Instruct-FP8-dynamic,Meta-Llama-3.1-405B-Instruct,fp8_dynamic,>10B,-0.9,-1.523409090909091,1.4,scheme,True
RedHatAI/Meta-Llama-3.1-405B-Instruct-FP8-dynamic,Meta-Llama-3.1-405B-Instruct,fp8_dynamic,>10B,0.1,-1.523409090909091,1.4,scheme,True
RedHatAI/Meta-Llama-3.1-405B-Instruct-FP8-dynamic,Meta-Llama-3.1-405B-Instruct,fp8_dynamic,>10B,-0.2,-1.523409090909091,1.4,scheme,True
RedHatAI/Meta-Llama-3.1-405B-Instruct-FP8-dynamic,Meta-Llama-3.1-405B-Instruct,fp8_dynamic,>10B,0.2,-1.523409090909091,1.4,scheme,True
RedHatAI/Meta-Llama-3.1-405B-Instruct-FP8-dynamic,Meta-Llama-3.1-405B-Instruct,fp8_dynamic,>10B,0.9,-1.523409090909091,1.4,scheme,True
RedHatAI/Meta-Llama-3.1-405B-Instruct-FP8,Meta-Llama-3.1-405B-Instruct,fp8,>10B,0.0,-1.19,0.5735294117647058,scheme,True
RedHatAI/Meta-Llama-3.1-405B-Instruct-FP8,Meta-Llama-3.1-405B-Instruct,fp8,>10B,-0.09,-1.19,0.5735294117647058,scheme,True
RedHatAI/Meta-Llama-3.1-405B-Instruct-FP8,Meta-Llama-3.1-405B-Instruct,fp8,>10B,-0.09,-1.19,0.5735294117647058,scheme,True
RedHatAI/Meta-Llama-3.1-405B-Instruct-FP8,Meta-Llama-3.1-405B-Instruct,fp8,>10B,0.31,-1.19,0.5735294117647058,scheme,True
RedHatAI/Meta-Llama-3.1-405B-Instruct-FP8,Meta-Llama-3.1-405B-Instruct,fp8,>10B,0.0,-1.19,0.5735294117647058,scheme,True
RedHatAI/Meta-Llama-3.1-405B-Instruct-FP8,Meta-Llama-3.1-405B-Instruct,fp8,>10B,-0.23,-1.19,0.5735294117647058,scheme,True
RedHatAI/Meta-Llama-3.1-405B-Instruct-FP8,Meta-Llama-3.1-405B-Instruct,fp8,>10B,0.02,-1.19,0.5735294117647058,scheme,True
RedHatAI/Meta-Llama-3.1-405B-Instruct-quantized.w4a16,Meta-Llama-3.1-405B-Instruct,w4a16,>10B,-0.9,-3.03,1.5425882352941174,scheme,True
RedHatAI/Meta-Llama-3.1-405B-Instruct-quantized.w4a16,Meta-Llama-3.1-405B-Instruct,w4a16,>10B,-0.2,-3.03,1.5425882352941174,scheme,True
RedHatAI/Meta-Llama-3.1-405B-Instruct-quantized.w4a16,Meta-Llama-3.1-405B-Instruct,w4a16,>10B,0.3,-3.03,1.5425882352941174,scheme,True
RedHatAI/Meta-Llama-3.1-405B-Instruct-quantized.w4a16,Meta-Llama-3.1-405B-Instruct,w4a16,>10B,-0.1,-3.03,1.5425882352941174,scheme,True
RedHatAI/Meta-Llama-3.1-405B-Instruct-quantized.w4a16,Meta-Llama-3.1-405B-Instruct,w4a16,>10B,0.0,-3.03,1.5425882352941174,scheme,True
RedHatAI/Meta-Llama-3.1-405B-Instruct-quantized.w4a16,Meta-Llama-3.1-405B-Instruct,w4a16,>10B,0.2,-3.03,1.5425882352941174,scheme,True
RedHatAI/Meta-Llama-3.1-405B-Instruct-quantized.w4a16,Meta-Llama-3.1-405B-Instruct,w4a16,>10B,0.7,-3.03,1.5425882352941174,scheme,True
RedHatAI/Meta-Llama-3.1-405B-Instruct-quantized.w4a16,Meta-Llama-3.1-405B-Instruct,w4a16,>10B,-0.3,-3.03,1.5425882352941174,scheme,True
RedHatAI/Meta-Llama-3.1-405B-Instruct-quantized.w4a16,Meta-Llama-3.1-405B-Instruct,w4a16,>10B,0.3,-3.03,1.5425882352941174,scheme,True
RedHatAI/Meta-Llama-3.1-405B-Instruct-quantized.w4a16,Meta-Llama-3.1-405B-Instruct,w4a16,>10B,0.5,-3.03,1.5425882352941174,scheme,True
RedHatAI/Meta-Llama-3.1-405B-Instruct-quantized.w4a16,Meta-Llama-3.1-405B-Instruct,w4a16,>10B,-1.4,-3.03,1.5425882352941174,scheme,True
RedHatAI/Meta-Llama-3.1-405B-Instruct-quantized.w4a16,Meta-Llama-3.1-405B-Instruct,w4a16,>10B,-1.7,-3.03,1.5425882352941174,scheme,True
RedHatAI/Meta-Llama-3.1-405B-Instruct-quantized.w4a16,Meta-Llama-3.1-405B-Instruct,w4a16,>10B,-1.2,-3.03,1.5425882352941174,scheme,True
RedHatAI/Meta-Llama-3.1-405B-Instruct-quantized.w8a16,Meta-Llama-3.1-405B-Instruct,w8a16,>10B,0.21,-0.98,0.7556756756756757,scheme,True
RedHatAI/Meta-Llama-3.1-405B-Instruct-quantized.w8a16,Meta-Llama-3.1-405B-Instruct,w8a16,>10B,-0.07,-0.98,0.7556756756756757,scheme,True
RedHatAI/Meta-Llama-3.1-405B-Instruct-quantized.w8a16,Meta-Llama-3.1-405B-Instruct,w8a16,>10B,-0.17,-0.98,0.7556756756756757,scheme,True
RedHatAI/Meta-Llama-3.1-405B-Instruct-quantized.w8a16,Meta-Llama-3.1-405B-Instruct,w8a16,>10B,0.19,-0.98,0.7556756756756757,scheme,True
RedHatAI/Meta-Llama-3.1-405B-Instruct-quantized.w8a16,Meta-Llama-3.1-405B-Instruct,w8a16,>10B,0.71,-0.98,0.7556756756756757,scheme,True
RedHatAI/Meta-Llama-3.1-405B-Instruct-quantized.w8a16,Meta-Llama-3.1-405B-Instruct,w8a16,>10B,0.77,-0.98,0.7556756756756757,scheme,False
RedHatAI/Meta-Llama-3.1-405B-Instruct-quantized.w8a8,Meta-Llama-3.1-405B-Instruct,w8a8_int,>10B,-2.8,-1.71,1.1218823529411766,scheme,False
RedHatAI/Meta-Llama-3.1-405B-Instruct-quantized.w8a8,Meta-Llama-3.1-405B-Instruct,w8a8_int,>10B,-0.3,-1.71,1.1218823529411766,scheme,True
RedHatAI/Meta-Llama-3.1-405B-Instruct-quantized.w8a8,Meta-Llama-3.1-405B-Instruct,w8a8_int,>10B,-0.6,-1.71,1.1218823529411766,scheme,True
RedHatAI/Meta-Llama-3.1-405B-Instruct-quantized.w8a8,Meta-Llama-3.1-405B-Instruct,w8a8_int,>10B,-0.9,-1.71,1.1218823529411766,scheme,True
RedHatAI/Meta-Llama-3.1-405B-Instruct-quantized.w8a8,Meta-Llama-3.1-405B-Instruct,w8a8_int,>10B,-0.1,-1.71,1.1218823529411766,scheme,True
RedHatAI/Meta-Llama-3.1-405B-Instruct-quantized.w8a8,Meta-Llama-3.1-405B-Instruct,w8a8_int,>10B,-1.1,-1.71,1.1218823529411766,scheme,True
RedHatAI/Meta-Llama-3.1-405B-Instruct-quantized.w8a8,Meta-Llama-3.1-405B-Instruct,w8a8_int,>10B,-0.2,-1.71,1.1218823529411766,scheme,True
RedHatAI/Meta-Llama-3.1-405B-Instruct-quantized.w8a8,Meta-Llama-3.1-405B-Instruct,w8a8_int,>10B,-1.3,-1.71,1.1218823529411766,scheme,True
RedHatAI/Meta-Llama-3.1-405B-Instruct-quantized.w8a8,Meta-Llama-3.1-405B-Instruct,w8a8_int,>10B,-0.7,-1.71,1.1218823529411766,scheme,True
RedHatAI/Meta-Llama-3.1-405B-Instruct-quantized.w8a8,Meta-Llama-3.1-405B-Instruct,w8a8_int,>10B,-0.3,-1.71,1.1218823529411766,scheme,True
RedHatAI/Meta-Llama-3.1-405B-Instruct-quantized.w8a8,Meta-Llama-3.1-405B-Instruct,w8a8_int,>10B,-3.2,-1.71,1.1218823529411766,scheme,False
RedHatAI/Meta-Llama-3.1-405B-Instruct-quantized.w8a8,Meta-Llama-3.1-405B-Instruct,w8a8_int,>10B,0.1,-1.71,1.1218823529411766,scheme,True
RedHatAI/Meta-Llama-3.1-405B-Instruct-quantized.w8a8,Meta-Llama-3.1-405B-Instruct,w8a8_int,>10B,0.3,-1.71,1.1218823529411766,scheme,True
RedHatAI/Meta-Llama-3.1-70B-FP8,Meta-Llama-3.1-70B,fp8,>10B,0.04,-1.19,0.6044927536231883,scheme,True
RedHatAI/Meta-Llama-3.1-70B-FP8,Meta-Llama-3.1-70B,fp8,>10B,0.0,-1.19,0.6044927536231883,scheme,True
RedHatAI/Meta-Llama-3.1-70B-FP8,Meta-Llama-3.1-70B,fp8,>10B,-0.53,-1.19,0.6044927536231883,scheme,True
RedHatAI/Meta-Llama-3.1-70B-FP8,Meta-Llama-3.1-70B,fp8,>10B,-0.16,-1.19,0.6044927536231883,scheme,True
RedHatAI/Meta-Llama-3.1-70B-FP8,Meta-Llama-3.1-70B,fp8,>10B,0.09,-1.19,0.6044927536231883,scheme,True
RedHatAI/Meta-Llama-3.1-70B-FP8,Meta-Llama-3.1-70B,fp8,>10B,-0.28,-1.19,0.6044927536231883,scheme,True
RedHatAI/Meta-Llama-3.1-70B-Instruct-FP8-dynamic,Meta-Llama-3.1-70B-Instruct,fp8_dynamic,>10B,0.9,-1.5215028901734104,1.37,scheme,True
RedHatAI/Meta-Llama-3.1-70B-Instruct-FP8-dynamic,Meta-Llama-3.1-70B-Instruct,fp8_dynamic,>10B,0.0,-1.5215028901734104,1.37,scheme,True
RedHatAI/Meta-Llama-3.1-70B-Instruct-FP8-dynamic,Meta-Llama-3.1-70B-Instruct,fp8_dynamic,>10B,-0.5,-1.5215028901734104,1.37,scheme,True
RedHatAI/Meta-Llama-3.1-70B-Instruct-FP8-dynamic,Meta-Llama-3.1-70B-Instruct,fp8_dynamic,>10B,0.2,-1.5215028901734104,1.37,scheme,True
RedHatAI/Meta-Llama-3.1-70B-Instruct-FP8-dynamic,Meta-Llama-3.1-70B-Instruct,fp8_dynamic,>10B,-0.4,-1.5215028901734104,1.37,scheme,True
RedHatAI/Meta-Llama-3.1-70B-Instruct-FP8-dynamic,Meta-Llama-3.1-70B-Instruct,fp8_dynamic,>10B,-0.2,-1.5215028901734104,1.37,scheme,True
RedHatAI/Meta-Llama-3.1-70B-Instruct-FP8-dynamic,Meta-Llama-3.1-70B-Instruct,fp8_dynamic,>10B,-0.7,-1.5215028901734104,1.37,scheme,True
RedHatAI/Meta-Llama-3.1-70B-Instruct-FP8-dynamic,Meta-Llama-3.1-70B-Instruct,fp8_dynamic,>10B,-0.1,-1.5215028901734104,1.37,scheme,True
RedHatAI/Meta-Llama-3.1-70B-Instruct-FP8-dynamic,Meta-Llama-3.1-70B-Instruct,fp8_dynamic,>10B,-0.4,-1.5215028901734104,1.37,scheme,True
RedHatAI/Meta-Llama-3.1-70B-Instruct-FP8-dynamic,Meta-Llama-3.1-70B-Instruct,fp8_dynamic,>10B,1.2,-1.5215028901734104,1.37,scheme,True
RedHatAI/Meta-Llama-3.1-70B-Instruct-FP8-dynamic,Meta-Llama-3.1-70B-Instruct,fp8_dynamic,>10B,-0.9,-1.5215028901734104,1.37,scheme,True
RedHatAI/Meta-Llama-3.1-70B-Instruct-FP8-dynamic,Meta-Llama-3.1-70B-Instruct,fp8_dynamic,>10B,1.9,-1.5215028901734104,1.37,scheme,False
RedHatAI/Meta-Llama-3.1-70B-Instruct-FP8-dynamic,Meta-Llama-3.1-70B-Instruct,fp8_dynamic,>10B,0.3,-1.5215028901734104,1.37,scheme,True
RedHatAI/Meta-Llama-3.1-70B-Instruct-FP8-dynamic,Meta-Llama-3.1-70B-Instruct,fp8_dynamic,>10B,0.2,-1.5215028901734104,1.37,scheme,True
RedHatAI/Meta-Llama-3.1-70B-Instruct-FP8,Meta-Llama-3.1-70B-Instruct,fp8,>10B,-0.1,-1.11,0.4765671641791045,scheme,True
RedHatAI/Meta-Llama-3.1-70B-Instruct-FP8,Meta-Llama-3.1-70B-Instruct,fp8,>10B,-0.57,-1.11,0.4765671641791045,scheme,True
RedHatAI/Meta-Llama-3.1-70B-Instruct-FP8,Meta-Llama-3.1-70B-Instruct,fp8,>10B,-0.34,-1.11,0.4765671641791045,scheme,True
RedHatAI/Meta-Llama-3.1-70B-Instruct-FP8,Meta-Llama-3.1-70B-Instruct,fp8,>10B,-0.38,-1.11,0.4765671641791045,scheme,True
RedHatAI/Meta-Llama-3.1-70B-Instruct-FP8,Meta-Llama-3.1-70B-Instruct,fp8,>10B,-0.11,-1.11,0.4765671641791045,scheme,True
RedHatAI/Meta-Llama-3.1-70B-Instruct-FP8,Meta-Llama-3.1-70B-Instruct,fp8,>10B,0.63,-1.11,0.4765671641791045,scheme,False
RedHatAI/Meta-Llama-3.1-70B-Instruct-FP8,Meta-Llama-3.1-70B-Instruct,fp8,>10B,0.16,-1.11,0.4765671641791045,scheme,True
RedHatAI/Meta-Llama-3.1-70B-Instruct-quantized.w4a16,Meta-Llama-3.1-70B-Instruct,w4a16,>10B,0.0,-3.03,1.5752071005917156,scheme,True
RedHatAI/Meta-Llama-3.1-70B-Instruct-quantized.w4a16,Meta-Llama-3.1-70B-Instruct,w4a16,>10B,-0.3,-3.03,1.5752071005917156,scheme,True
RedHatAI/Meta-Llama-3.1-70B-Instruct-quantized.w4a16,Meta-Llama-3.1-70B-Instruct,w4a16,>10B,-0.6,-3.03,1.5752071005917156,scheme,True
RedHatAI/Meta-Llama-3.1-70B-Instruct-quantized.w4a16,Meta-Llama-3.1-70B-Instruct,w4a16,>10B,-0.5,-3.03,1.5752071005917156,scheme,True
RedHatAI/Meta-Llama-3.1-70B-Instruct-quantized.w4a16,Meta-Llama-3.1-70B-Instruct,w4a16,>10B,-1.0,-3.03,1.5752071005917156,scheme,True
RedHatAI/Meta-Llama-3.1-70B-Instruct-quantized.w4a16,Meta-Llama-3.1-70B-Instruct,w4a16,>10B,-0.4,-3.03,1.5752071005917156,scheme,True
RedHatAI/Meta-Llama-3.1-70B-Instruct-quantized.w4a16,Meta-Llama-3.1-70B-Instruct,w4a16,>10B,0.2,-3.03,1.5752071005917156,scheme,True
RedHatAI/Meta-Llama-3.1-70B-Instruct-quantized.w4a16,Meta-Llama-3.1-70B-Instruct,w4a16,>10B,-0.9,-3.03,1.5752071005917156,scheme,True
RedHatAI/Meta-Llama-3.1-70B-Instruct-quantized.w4a16,Meta-Llama-3.1-70B-Instruct,w4a16,>10B,-0.8,-3.03,1.5752071005917156,scheme,True
RedHatAI/Meta-Llama-3.1-70B-Instruct-quantized.w4a16,Meta-Llama-3.1-70B-Instruct,w4a16,>10B,-0.7,-3.03,1.5752071005917156,scheme,True
RedHatAI/Meta-Llama-3.1-70B-Instruct-quantized.w4a16,Meta-Llama-3.1-70B-Instruct,w4a16,>10B,-0.8,-3.03,1.5752071005917156,scheme,True
RedHatAI/Meta-Llama-3.1-70B-Instruct-quantized.w4a16,Meta-Llama-3.1-70B-Instruct,w4a16,>10B,-1.7,-3.03,1.5752071005917156,scheme,True
RedHatAI/Meta-Llama-3.1-70B-Instruct-quantized.w4a16,Meta-Llama-3.1-70B-Instruct,w4a16,>10B,0.8,-3.03,1.5752071005917156,scheme,True
RedHatAI/Meta-Llama-3.1-70B-Instruct-quantized.w4a16,Meta-Llama-3.1-70B-Instruct,w4a16,>10B,-0.6,-3.03,1.5752071005917156,scheme,True
RedHatAI/Meta-Llama-3.1-70B-Instruct-quantized.w8a16,Meta-Llama-3.1-70B-Instruct,w8a16,>10B,-2.57,-0.6126027397260275,0.68,scheme,False
RedHatAI/Meta-Llama-3.1-70B-Instruct-quantized.w8a16,Meta-Llama-3.1-70B-Instruct,w8a16,>10B,-2.37,-0.6126027397260275,0.68,scheme,False
RedHatAI/Meta-Llama-3.1-70B-Instruct-quantized.w8a16,Meta-Llama-3.1-70B-Instruct,w8a16,>10B,-1.02,-0.6126027397260275,0.68,scheme,False
RedHatAI/Meta-Llama-3.1-70B-Instruct-quantized.w8a16,Meta-Llama-3.1-70B-Instruct,w8a16,>10B,-3.04,-0.6126027397260275,0.68,scheme,False
RedHatAI/Meta-Llama-3.1-70B-Instruct-quantized.w8a16,Meta-Llama-3.1-70B-Instruct,w8a16,>10B,-0.65,-0.6126027397260275,0.68,scheme,False
RedHatAI/Meta-Llama-3.1-70B-Instruct-quantized.w8a16,Meta-Llama-3.1-70B-Instruct,w8a16,>10B,0.24,-0.6126027397260275,0.68,scheme,True
RedHatAI/Meta-Llama-3.1-70B-Instruct-quantized.w8a16,Meta-Llama-3.1-70B-Instruct,w8a16,>10B,-1.26,-0.6126027397260275,0.68,scheme,False
RedHatAI/Meta-Llama-3.1-70B-Instruct-quantized.w8a8,Meta-Llama-3.1-70B-Instruct,w8a8_int,>10B,-0.7,-1.7777514792899407,1.13,scheme,True
RedHatAI/Meta-Llama-3.1-70B-Instruct-quantized.w8a8,Meta-Llama-3.1-70B-Instruct,w8a8_int,>10B,-0.2,-1.7777514792899407,1.13,scheme,True
RedHatAI/Meta-Llama-3.1-70B-Instruct-quantized.w8a8,Meta-Llama-3.1-70B-Instruct,w8a8_int,>10B,-0.4,-1.7777514792899407,1.13,scheme,True
RedHatAI/Meta-Llama-3.1-70B-Instruct-quantized.w8a8,Meta-Llama-3.1-70B-Instruct,w8a8_int,>10B,-0.2,-1.7777514792899407,1.13,scheme,True
RedHatAI/Meta-Llama-3.1-70B-Instruct-quantized.w8a8,Meta-Llama-3.1-70B-Instruct,w8a8_int,>10B,-1.2,-1.7777514792899407,1.13,scheme,True
RedHatAI/Meta-Llama-3.1-70B-Instruct-quantized.w8a8,Meta-Llama-3.1-70B-Instruct,w8a8_int,>10B,0.0,-1.7777514792899407,1.13,scheme,True
RedHatAI/Meta-Llama-3.1-70B-Instruct-quantized.w8a8,Meta-Llama-3.1-70B-Instruct,w8a8_int,>10B,0.2,-1.7777514792899407,1.13,scheme,True
RedHatAI/Meta-Llama-3.1-70B-Instruct-quantized.w8a8,Meta-Llama-3.1-70B-Instruct,w8a8_int,>10B,0.7,-1.7777514792899407,1.13,scheme,True
RedHatAI/Meta-Llama-3.1-70B-Instruct-quantized.w8a8,Meta-Llama-3.1-70B-Instruct,w8a8_int,>10B,-1.0,-1.7777514792899407,1.13,scheme,True
RedHatAI/Meta-Llama-3.1-70B-Instruct-quantized.w8a8,Meta-Llama-3.1-70B-Instruct,w8a8_int,>10B,0.2,-1.7777514792899407,1.13,scheme,True
RedHatAI/Meta-Llama-3.1-70B-Instruct-quantized.w8a8,Meta-Llama-3.1-70B-Instruct,w8a8_int,>10B,-0.6,-1.7777514792899407,1.13,scheme,True
RedHatAI/Meta-Llama-3.1-70B-Instruct-quantized.w8a8,Meta-Llama-3.1-70B-Instruct,w8a8_int,>10B,-2.2,-1.7777514792899407,1.13,scheme,False
RedHatAI/Meta-Llama-3.1-70B-Instruct-quantized.w8a8,Meta-Llama-3.1-70B-Instruct,w8a8_int,>10B,-1.0,-1.7777514792899407,1.13,scheme,True
RedHatAI/Meta-Llama-3.1-70B-Instruct-quantized.w8a8,Meta-Llama-3.1-70B-Instruct,w8a8_int,>10B,-0.8,-1.7777514792899407,1.13,scheme,True
RedHatAI/Meta-Llama-3.1-8B-FP8,Meta-Llama-3.1-8B,fp8,2-10B,-0.18,-1.1,0.5394117647058825,scheme,True
RedHatAI/Meta-Llama-3.1-8B-FP8,Meta-Llama-3.1-8B,fp8,2-10B,-1.11,-1.1,0.5394117647058825,scheme,False
RedHatAI/Meta-Llama-3.1-8B-FP8,Meta-Llama-3.1-8B,fp8,2-10B,-1.52,-1.1,0.5394117647058825,scheme,False
RedHatAI/Meta-Llama-3.1-8B-FP8,Meta-Llama-3.1-8B,fp8,2-10B,-0.37,-1.1,0.5394117647058825,scheme,True
RedHatAI/Meta-Llama-3.1-8B-FP8,Meta-Llama-3.1-8B,fp8,2-10B,0.08,-1.1,0.5394117647058825,scheme,True
RedHatAI/Meta-Llama-3.1-8B-FP8,Meta-Llama-3.1-8B,fp8,2-10B,-0.31,-1.1,0.5394117647058825,scheme,True
RedHatAI/Meta-Llama-3.1-8B-quantized.w8a16,Meta-Llama-3.1-8B,w8a16,2-10B,0.37,-0.9943243243243243,0.77,scheme,True
RedHatAI/Meta-Llama-3.1-8B-quantized.w8a16,Meta-Llama-3.1-8B,w8a16,2-10B,0.51,-0.9943243243243243,0.77,scheme,True
RedHatAI/Meta-Llama-3.1-8B-quantized.w8a16,Meta-Llama-3.1-8B,w8a16,2-10B,-0.98,-0.9943243243243243,0.77,scheme,True
RedHatAI/Meta-Llama-3.1-8B-quantized.w8a16,Meta-Llama-3.1-8B,w8a16,2-10B,-0.09,-0.9943243243243243,0.77,scheme,True
RedHatAI/Meta-Llama-3.1-8B-quantized.w8a16,Meta-Llama-3.1-8B,w8a16,2-10B,0.16,-0.9943243243243243,0.77,scheme,True
RedHatAI/Meta-Llama-3.1-8B-quantized.w8a16,Meta-Llama-3.1-8B,w8a16,2-10B,-0.54,-0.9943243243243243,0.77,scheme,True
RedHatAI/Meta-Llama-3.1-8B-quantized.w8a8,Meta-Llama-3.1-8B,w8a8_int,2-10B,-0.12,-1.8090395480225987,1.13,scheme,True
RedHatAI/Meta-Llama-3.1-8B-quantized.w8a8,Meta-Llama-3.1-8B,w8a8_int,2-10B,0.51,-1.8090395480225987,1.13,scheme,True
RedHatAI/Meta-Llama-3.1-8B-quantized.w8a8,Meta-Llama-3.1-8B,w8a8_int,2-10B,-1.13,-1.8090395480225987,1.13,scheme,True
RedHatAI/Meta-Llama-3.1-8B-quantized.w8a8,Meta-Llama-3.1-8B,w8a8_int,2-10B,-0.67,-1.8090395480225987,1.13,scheme,True
RedHatAI/Meta-Llama-3.1-8B-quantized.w8a8,Meta-Llama-3.1-8B,w8a8_int,2-10B,0.32,-1.8090395480225987,1.13,scheme,True
RedHatAI/Meta-Llama-3.1-8B-quantized.w8a8,Meta-Llama-3.1-8B,w8a8_int,2-10B,-0.79,-1.8090395480225987,1.13,scheme,True
RedHatAI/Meta-Llama-3.1-8B-Instruct-FP8-dynamic,Meta-Llama-3.1-8B-Instruct,fp8_dynamic,2-10B,0.07,-1.5188135593220338,1.37,scheme,True
RedHatAI/Meta-Llama-3.1-8B-Instruct-FP8-dynamic,Meta-Llama-3.1-8B-Instruct,fp8_dynamic,2-10B,1.4,-1.5188135593220338,1.37,scheme,False
RedHatAI/Meta-Llama-3.1-8B-Instruct-FP8-dynamic,Meta-Llama-3.1-8B-Instruct,fp8_dynamic,2-10B,0.4,-1.5188135593220338,1.37,scheme,True
RedHatAI/Meta-Llama-3.1-8B-Instruct-FP8-dynamic,Meta-Llama-3.1-8B-Instruct,fp8_dynamic,2-10B,-0.8,-1.5188135593220338,1.37,scheme,True
RedHatAI/Meta-Llama-3.1-8B-Instruct-FP8-dynamic,Meta-Llama-3.1-8B-Instruct,fp8_dynamic,2-10B,0.0,-1.5188135593220338,1.37,scheme,True
RedHatAI/Meta-Llama-3.1-8B-Instruct-FP8-dynamic,Meta-Llama-3.1-8B-Instruct,fp8_dynamic,2-10B,-0.5,-1.5188135593220338,1.37,scheme,True
RedHatAI/Meta-Llama-3.1-8B-Instruct-FP8-dynamic,Meta-Llama-3.1-8B-Instruct,fp8_dynamic,2-10B,-0.8,-1.5188135593220338,1.37,scheme,True
RedHatAI/Meta-Llama-3.1-8B-Instruct-FP8-dynamic,Meta-Llama-3.1-8B-Instruct,fp8_dynamic,2-10B,-0.2,-1.5188135593220338,1.37,scheme,True
RedHatAI/Meta-Llama-3.1-8B-Instruct-FP8-dynamic,Meta-Llama-3.1-8B-Instruct,fp8_dynamic,2-10B,0.4,-1.5188135593220338,1.37,scheme,True
RedHatAI/Meta-Llama-3.1-8B-Instruct-FP8-dynamic,Meta-Llama-3.1-8B-Instruct,fp8_dynamic,2-10B,-0.7,-1.5188135593220338,1.37,scheme,True
RedHatAI/Meta-Llama-3.1-8B-Instruct-FP8-dynamic,Meta-Llama-3.1-8B-Instruct,fp8_dynamic,2-10B,-0.4,-1.5188135593220338,1.37,scheme,True
RedHatAI/Meta-Llama-3.1-8B-Instruct-FP8-dynamic,Meta-Llama-3.1-8B-Instruct,fp8_dynamic,2-10B,0.0,-1.5188135593220338,1.37,scheme,True
RedHatAI/Meta-Llama-3.1-8B-Instruct-FP8-dynamic,Meta-Llama-3.1-8B-Instruct,fp8_dynamic,2-10B,0.6,-1.5188135593220338,1.37,scheme,True
RedHatAI/Meta-Llama-3.1-8B-Instruct-FP8,Meta-Llama-3.1-8B-Instruct,fp8,2-10B,0.02,-1.19,0.6300000000000001,scheme,True
RedHatAI/Meta-Llama-3.1-8B-Instruct-FP8,Meta-Llama-3.1-8B-Instruct,fp8,2-10B,-0.12,-1.19,0.6300000000000001,scheme,True
RedHatAI/Meta-Llama-3.1-8B-Instruct-FP8,Meta-Llama-3.1-8B-Instruct,fp8,2-10B,-0.34,-1.19,0.6300000000000001,scheme,True
RedHatAI/Meta-Llama-3.1-8B-Instruct-FP8,Meta-Llama-3.1-8B-Instruct,fp8,2-10B,-0.84,-1.19,0.6300000000000001,scheme,True
RedHatAI/Meta-Llama-3.1-8B-Instruct-FP8,Meta-Llama-3.1-8B-Instruct,fp8,2-10B,-0.06,-1.19,0.6300000000000001,scheme,True
RedHatAI/Meta-Llama-3.1-8B-Instruct-FP8,Meta-Llama-3.1-8B-Instruct,fp8,2-10B,-0.55,-1.19,0.6300000000000001,scheme,True
RedHatAI/Meta-Llama-3.1-8B-Instruct-FP8,Meta-Llama-3.1-8B-Instruct,fp8,2-10B,-0.58,-1.19,0.6300000000000001,scheme,True
RedHatAI/Meta-Llama-3.1-8B-Instruct-quantized.w4a16,Meta-Llama-3.1-8B-Instruct,w4a16,2-10B,1.4,-3.0299999999999994,1.630818713450292,scheme,True
RedHatAI/Meta-Llama-3.1-8B-Instruct-quantized.w4a16,Meta-Llama-3.1-8B-Instruct,w4a16,2-10B,-1.4,-3.0299999999999994,1.630818713450292,scheme,True
RedHatAI/Meta-Llama-3.1-8B-Instruct-quantized.w4a16,Meta-Llama-3.1-8B-Instruct,w4a16,2-10B,-1.7,-3.0299999999999994,1.630818713450292,scheme,True
RedHatAI/Meta-Llama-3.1-8B-Instruct-quantized.w4a16,Meta-Llama-3.1-8B-Instruct,w4a16,2-10B,0.1,-3.0299999999999994,1.630818713450292,scheme,True
RedHatAI/Meta-Llama-3.1-8B-Instruct-quantized.w4a16,Meta-Llama-3.1-8B-Instruct,w4a16,2-10B,-0.6,-3.0299999999999994,1.630818713450292,scheme,True
RedHatAI/Meta-Llama-3.1-8B-Instruct-quantized.w4a16,Meta-Llama-3.1-8B-Instruct,w4a16,2-10B,-0.1,-3.0299999999999994,1.630818713450292,scheme,True
RedHatAI/Meta-Llama-3.1-8B-Instruct-quantized.w4a16,Meta-Llama-3.1-8B-Instruct,w4a16,2-10B,-1.7,-3.0299999999999994,1.630818713450292,scheme,True
RedHatAI/Meta-Llama-3.1-8B-Instruct-quantized.w4a16,Meta-Llama-3.1-8B-Instruct,w4a16,2-10B,-2.0,-3.0299999999999994,1.630818713450292,scheme,True
RedHatAI/Meta-Llama-3.1-8B-Instruct-quantized.w4a16,Meta-Llama-3.1-8B-Instruct,w4a16,2-10B,-1.6,-3.0299999999999994,1.630818713450292,scheme,True
RedHatAI/Meta-Llama-3.1-8B-Instruct-quantized.w4a16,Meta-Llama-3.1-8B-Instruct,w4a16,2-10B,-1.2,-3.0299999999999994,1.630818713450292,scheme,True
RedHatAI/Meta-Llama-3.1-8B-Instruct-quantized.w4a16,Meta-Llama-3.1-8B-Instruct,w4a16,2-10B,-0.2,-3.0299999999999994,1.630818713450292,scheme,True
RedHatAI/Meta-Llama-3.1-8B-Instruct-quantized.w4a16,Meta-Llama-3.1-8B-Instruct,w4a16,2-10B,-1.6,-3.0299999999999994,1.630818713450292,scheme,True
RedHatAI/Meta-Llama-3.1-8B-Instruct-quantized.w8a16,Meta-Llama-3.1-8B-Instruct,w8a16,2-10B,0.01,-0.9845454545454546,0.822857142857143,scheme,True
RedHatAI/Meta-Llama-3.1-8B-Instruct-quantized.w8a16,Meta-Llama-3.1-8B-Instruct,w8a16,2-10B,-0.55,-0.9845454545454546,0.822857142857143,scheme,True
RedHatAI/Meta-Llama-3.1-8B-Instruct-quantized.w8a16,Meta-Llama-3.1-8B-Instruct,w8a16,2-10B,-0.07,-0.9845454545454546,0.822857142857143,scheme,True
RedHatAI/Meta-Llama-3.1-8B-Instruct-quantized.w8a8,Meta-Llama-3.1-8B-Instruct,w8a8_int,2-10B,1.4,-1.7990909090909093,1.02,scheme,False
RedHatAI/Meta-Llama-3.1-8B-Instruct-quantized.w8a8,Meta-Llama-3.1-8B-Instruct,w8a8_int,2-10B,-0.5,-1.7990909090909093,1.02,scheme,True
RedHatAI/Meta-Llama-3.1-8B-Instruct-quantized.w8a8,Meta-Llama-3.1-8B-Instruct,w8a8_int,2-10B,-0.6,-1.7990909090909093,1.02,scheme,True
RedHatAI/Meta-Llama-3.1-8B-Instruct-quantized.w8a8,Meta-Llama-3.1-8B-Instruct,w8a8_int,2-10B,0.3,-1.7990909090909093,1.02,scheme,True
RedHatAI/Meta-Llama-3.1-8B-Instruct-quantized.w8a8,Meta-Llama-3.1-8B-Instruct,w8a8_int,2-10B,2.0,-1.7990909090909093,1.02,scheme,False
RedHatAI/Meta-Llama-3.1-8B-Instruct-quantized.w8a8,Meta-Llama-3.1-8B-Instruct,w8a8_int,2-10B,-0.2,-1.7990909090909093,1.02,scheme,True
RedHatAI/Meta-Llama-3.1-8B-Instruct-quantized.w8a8,Meta-Llama-3.1-8B-Instruct,w8a8_int,2-10B,0.4,-1.7990909090909093,1.02,scheme,True
RedHatAI/Meta-Llama-3.1-8B-Instruct-quantized.w8a8,Meta-Llama-3.1-8B-Instruct,w8a8_int,2-10B,0.2,-1.7990909090909093,1.02,scheme,True
RedHatAI/Meta-Llama-3.1-8B-Instruct-quantized.w8a8,Meta-Llama-3.1-8B-Instruct,w8a8_int,2-10B,0.1,-1.7990909090909093,1.02,scheme,True
RedHatAI/Meta-Llama-3.1-8B-Instruct-quantized.w8a8,Meta-Llama-3.1-8B-Instruct,w8a8_int,2-10B,0.1,-1.7990909090909093,1.02,scheme,True
RedHatAI/Meta-Llama-3.1-8B-Instruct-quantized.w8a8,Meta-Llama-3.1-8B-Instruct,w8a8_int,2-10B,0.9,-1.7990909090909093,1.02,scheme,True
RedHatAI/Meta-Llama-3.1-8B-Instruct-quantized.w8a8,Meta-Llama-3.1-8B-Instruct,w8a8_int,2-10B,-0.2,-1.7990909090909093,1.02,scheme,True
RedHatAI/Meta-Llama-3.1-8B-Instruct-quantized.w8a8,Meta-Llama-3.1-8B-Instruct,w8a8_int,2-10B,-0.7,-1.7990909090909093,1.02,scheme,True
RedHatAI/Mistral-7B-Instruct-v0.3-FP8,Mistral-7B-Instruct-v0.3,fp8,2-10B,-0.21,-1.11,0.5494117647058825,scheme,True
RedHatAI/Mistral-7B-Instruct-v0.3-FP8,Mistral-7B-Instruct-v0.3,fp8,2-10B,0.16,-1.11,0.5494117647058825,scheme,True
RedHatAI/Mistral-7B-Instruct-v0.3-FP8,Mistral-7B-Instruct-v0.3,fp8,2-10B,-1.51,-1.11,0.5494117647058825,scheme,False
RedHatAI/Mistral-7B-Instruct-v0.3-FP8,Mistral-7B-Instruct-v0.3,fp8,2-10B,-0.24,-1.11,0.5494117647058825,scheme,True
RedHatAI/Mistral-7B-Instruct-v0.3-FP8,Mistral-7B-Instruct-v0.3,fp8,2-10B,-1.1,-1.11,0.5494117647058825,scheme,True
RedHatAI/Mistral-7B-Instruct-v0.3-FP8,Mistral-7B-Instruct-v0.3,fp8,2-10B,0.03,-1.11,0.5494117647058825,scheme,True
RedHatAI/Mistral-7B-Instruct-v0.3-quantized.w4a16,Mistral-7B-Instruct-v0.3,w4a16,2-10B,-1.01,-2.83,1.4026256983240222,scheme,True
RedHatAI/Mistral-7B-Instruct-v0.3-quantized.w4a16,Mistral-7B-Instruct-v0.3,w4a16,2-10B,0.17,-2.83,1.4026256983240222,scheme,True
RedHatAI/Mistral-7B-Instruct-v0.3-quantized.w4a16,Mistral-7B-Instruct-v0.3,w4a16,2-10B,-5.91,-2.83,1.4026256983240222,scheme,False
RedHatAI/Mistral-7B-Instruct-v0.3-quantized.w4a16,Mistral-7B-Instruct-v0.3,w4a16,2-10B,-0.77,-2.83,1.4026256983240222,scheme,True
RedHatAI/Mistral-7B-Instruct-v0.3-quantized.w4a16,Mistral-7B-Instruct-v0.3,w4a16,2-10B,0.32,-2.83,1.4026256983240222,scheme,True
RedHatAI/Mistral-7B-Instruct-v0.3-quantized.w4a16,Mistral-7B-Instruct-v0.3,w4a16,2-10B,-0.86,-2.83,1.4026256983240222,scheme,True
RedHatAI/Mistral-7B-Instruct-v0.3-quantized.w8a16,Mistral-7B-Instruct-v0.3,w8a16,2-10B,0.22,-1.0008108108108107,0.7489189189189189,scheme,True
RedHatAI/Mistral-7B-Instruct-v0.3-quantized.w8a16,Mistral-7B-Instruct-v0.3,w8a16,2-10B,0.52,-1.0008108108108107,0.7489189189189189,scheme,True
RedHatAI/Mistral-7B-Instruct-v0.3-quantized.w8a16,Mistral-7B-Instruct-v0.3,w8a16,2-10B,1.14,-1.0008108108108107,0.7489189189189189,scheme,False
RedHatAI/Mistral-7B-Instruct-v0.3-quantized.w8a16,Mistral-7B-Instruct-v0.3,w8a16,2-10B,-0.06,-1.0008108108108107,0.7489189189189189,scheme,True
RedHatAI/Mistral-7B-Instruct-v0.3-quantized.w8a16,Mistral-7B-Instruct-v0.3,w8a16,2-10B,-0.08,-1.0008108108108107,0.7489189189189189,scheme,True
RedHatAI/Mistral-7B-Instruct-v0.3-quantized.w8a16,Mistral-7B-Instruct-v0.3,w8a16,2-10B,0.15,-1.0008108108108107,0.7489189189189189,scheme,True
RedHatAI/Mistral-Small-24B-Instruct-2501-FP8-dynamic,Mistral-Small-24B-Instruct-2501,fp8_dynamic,>10B,-0.42,-1.439438202247191,1.3575418994413408,scheme,True
RedHatAI/Mistral-Small-24B-Instruct-2501-FP8-dynamic,Mistral-Small-24B-Instruct-2501,fp8_dynamic,>10B,-1.13,-1.439438202247191,1.3575418994413408,scheme,True
RedHatAI/Mistral-Small-24B-Instruct-2501-FP8-dynamic,Mistral-Small-24B-Instruct-2501,fp8_dynamic,>10B,-0.4,-1.439438202247191,1.3575418994413408,scheme,True
RedHatAI/Mistral-Small-24B-Instruct-2501-FP8-dynamic,Mistral-Small-24B-Instruct-2501,fp8_dynamic,>10B,-0.14,-1.439438202247191,1.3575418994413408,scheme,True
RedHatAI/Mistral-Small-24B-Instruct-2501-FP8-dynamic,Mistral-Small-24B-Instruct-2501,fp8_dynamic,>10B,-0.7,-1.439438202247191,1.3575418994413408,scheme,True
RedHatAI/Mistral-Small-24B-Instruct-2501-FP8-dynamic,Mistral-Small-24B-Instruct-2501,fp8_dynamic,>10B,-0.63,-1.439438202247191,1.3575418994413408,scheme,True
RedHatAI/Mistral-Small-24B-Instruct-2501-FP8-dynamic,Mistral-Small-24B-Instruct-2501,fp8_dynamic,>10B,0.26,-1.439438202247191,1.3575418994413408,scheme,True
RedHatAI/Mistral-Small-24B-Instruct-2501-FP8-dynamic,Mistral-Small-24B-Instruct-2501,fp8_dynamic,>10B,-0.79,-1.439438202247191,1.3575418994413408,scheme,True
RedHatAI/Mistral-Small-24B-Instruct-2501-FP8-dynamic,Mistral-Small-24B-Instruct-2501,fp8_dynamic,>10B,-1.55,-1.439438202247191,1.3575418994413408,scheme,False
RedHatAI/Mistral-Small-24B-Instruct-2501-quantized.w4a16,Mistral-Small-24B-Instruct-2501,w4a16,>10B,-1.02,-3.0299999999999994,1.6140229885057467,scheme,True
RedHatAI/Mistral-Small-24B-Instruct-2501-quantized.w4a16,Mistral-Small-24B-Instruct-2501,w4a16,>10B,-0.45,-3.0299999999999994,1.6140229885057467,scheme,True
RedHatAI/Mistral-Small-24B-Instruct-2501-quantized.w4a16,Mistral-Small-24B-Instruct-2501,w4a16,>10B,-0.62,-3.0299999999999994,1.6140229885057467,scheme,True
RedHatAI/Mistral-Small-24B-Instruct-2501-quantized.w4a16,Mistral-Small-24B-Instruct-2501,w4a16,>10B,-0.69,-3.0299999999999994,1.6140229885057467,scheme,True
RedHatAI/Mistral-Small-24B-Instruct-2501-quantized.w4a16,Mistral-Small-24B-Instruct-2501,w4a16,>10B,-1.63,-3.0299999999999994,1.6140229885057467,scheme,True
RedHatAI/Mistral-Small-24B-Instruct-2501-quantized.w4a16,Mistral-Small-24B-Instruct-2501,w4a16,>10B,-0.87,-3.0299999999999994,1.6140229885057467,scheme,True
RedHatAI/Mistral-Small-24B-Instruct-2501-quantized.w4a16,Mistral-Small-24B-Instruct-2501,w4a16,>10B,1.1,-3.0299999999999994,1.6140229885057467,scheme,True
RedHatAI/Mistral-Small-24B-Instruct-2501-quantized.w4a16,Mistral-Small-24B-Instruct-2501,w4a16,>10B,-0.03,-3.0299999999999994,1.6140229885057467,scheme,True
RedHatAI/Mistral-Small-24B-Instruct-2501-quantized.w4a16,Mistral-Small-24B-Instruct-2501,w4a16,>10B,-2.83,-3.0299999999999994,1.6140229885057467,scheme,True
RedHatAI/Mistral-Small-24B-Instruct-2501-quantized.w8a8,Mistral-Small-24B-Instruct-2501,w8a8_int,>10B,-3.32,-1.71,1.0781355932203391,scheme,False
RedHatAI/Mistral-Small-24B-Instruct-2501-quantized.w8a8,Mistral-Small-24B-Instruct-2501,w8a8_int,>10B,-0.14,-1.71,1.0781355932203391,scheme,True
RedHatAI/Mistral-Small-24B-Instruct-2501-quantized.w8a8,Mistral-Small-24B-Instruct-2501,w8a8_int,>10B,0.01,-1.71,1.0781355932203391,scheme,True
RedHatAI/Mistral-Small-24B-Instruct-2501-quantized.w8a8,Mistral-Small-24B-Instruct-2501,w8a8_int,>10B,-0.44,-1.71,1.0781355932203391,scheme,True
RedHatAI/Mistral-Small-24B-Instruct-2501-quantized.w8a8,Mistral-Small-24B-Instruct-2501,w8a8_int,>10B,0.14,-1.71,1.0781355932203391,scheme,True
RedHatAI/Mistral-Small-24B-Instruct-2501-quantized.w8a8,Mistral-Small-24B-Instruct-2501,w8a8_int,>10B,-1.42,-1.71,1.0781355932203391,scheme,True
RedHatAI/Mistral-Small-3.1-24B-Instruct-2503-FP8-dynamic,Mistral-Small-3.1-24B-Instruct-2503,fp8_dynamic,>10B,0.04,-1.4,1.4,scheme,True
RedHatAI/Mistral-Small-3.1-24B-Instruct-2503-FP8-dynamic,Mistral-Small-3.1-24B-Instruct-2503,fp8_dynamic,>10B,0.09,-1.4,1.4,scheme,True
RedHatAI/Mistral-Small-3.1-24B-Instruct-2503-FP8-dynamic,Mistral-Small-3.1-24B-Instruct-2503,fp8_dynamic,>10B,-8.72,-1.4,1.4,scheme,False
RedHatAI/Mistral-Small-3.1-24B-Instruct-2503-FP8-dynamic,Mistral-Small-3.1-24B-Instruct-2503,fp8_dynamic,>10B,-0.03,-1.4,1.4,scheme,True
RedHatAI/Mistral-Small-3.1-24B-Instruct-2503-FP8-dynamic,Mistral-Small-3.1-24B-Instruct-2503,fp8_dynamic,>10B,-1.18,-1.4,1.4,scheme,True
RedHatAI/Mistral-Small-3.1-24B-Instruct-2503-FP8-dynamic,Mistral-Small-3.1-24B-Instruct-2503,fp8_dynamic,>10B,0.26,-1.4,1.4,scheme,True
RedHatAI/Mistral-Small-3.1-24B-Instruct-2503-FP8-dynamic,Mistral-Small-3.1-24B-Instruct-2503,fp8_dynamic,>10B,-0.39,-1.4,1.4,scheme,True
RedHatAI/Mistral-Small-3.1-24B-Instruct-2503-FP8-dynamic,Mistral-Small-3.1-24B-Instruct-2503,fp8_dynamic,>10B,-0.51,-1.4,1.4,scheme,True
RedHatAI/Mistral-Small-3.1-24B-Instruct-2503-FP8-dynamic,Mistral-Small-3.1-24B-Instruct-2503,fp8_dynamic,>10B,0.0,-1.4,1.4,scheme,True
RedHatAI/Mistral-Small-3.1-24B-Instruct-2503-FP8-dynamic,Mistral-Small-3.1-24B-Instruct-2503,fp8_dynamic,>10B,-0.2,-1.4,1.4,scheme,True
RedHatAI/Mistral-Small-3.1-24B-Instruct-2503-quantized.w4a16,Mistral-Small-3.1-24B-Instruct-2503,w4a16,>10B,-0.93,-2.9541520467836255,1.3999999999999997,scheme,True
RedHatAI/Mistral-Small-3.1-24B-Instruct-2503-quantized.w4a16,Mistral-Small-3.1-24B-Instruct-2503,w4a16,>10B,-0.6,-2.9541520467836255,1.3999999999999997,scheme,True
RedHatAI/Mistral-Small-3.1-24B-Instruct-2503-quantized.w4a16,Mistral-Small-3.1-24B-Instruct-2503,w4a16,>10B,0.91,-2.9541520467836255,1.3999999999999997,scheme,True
RedHatAI/Mistral-Small-3.1-24B-Instruct-2503-quantized.w4a16,Mistral-Small-3.1-24B-Instruct-2503,w4a16,>10B,-0.45,-2.9541520467836255,1.3999999999999997,scheme,True
RedHatAI/Mistral-Small-3.1-24B-Instruct-2503-quantized.w4a16,Mistral-Small-3.1-24B-Instruct-2503,w4a16,>10B,-0.31,-2.9541520467836255,1.3999999999999997,scheme,True
RedHatAI/Mistral-Small-3.1-24B-Instruct-2503-quantized.w4a16,Mistral-Small-3.1-24B-Instruct-2503,w4a16,>10B,-1.06,-2.9541520467836255,1.3999999999999997,scheme,True
RedHatAI/Mistral-Small-3.1-24B-Instruct-2503-quantized.w4a16,Mistral-Small-3.1-24B-Instruct-2503,w4a16,>10B,-0.69,-2.9541520467836255,1.3999999999999997,scheme,True
RedHatAI/Mistral-Small-3.1-24B-Instruct-2503-quantized.w4a16,Mistral-Small-3.1-24B-Instruct-2503,w4a16,>10B,4.47,-2.9541520467836255,1.3999999999999997,scheme,False
RedHatAI/Mistral-Small-3.1-24B-Instruct-2503-quantized.w4a16,Mistral-Small-3.1-24B-Instruct-2503,w4a16,>10B,-1.01,-2.9541520467836255,1.3999999999999997,scheme,True
RedHatAI/Mistral-Small-3.1-24B-Instruct-2503-quantized.w4a16,Mistral-Small-3.1-24B-Instruct-2503,w4a16,>10B,-0.1,-2.9541520467836255,1.3999999999999997,scheme,True
RedHatAI/Mistral-Small-3.1-24B-Instruct-2503-quantized.w4a16,Mistral-Small-3.1-24B-Instruct-2503,w4a16,>10B,0.4,-2.9541520467836255,1.3999999999999997,scheme,True
RedHatAI/Mistral-Small-3.1-24B-Instruct-2503-quantized.w8a8,Mistral-Small-3.1-24B-Instruct-2503,w8a8_int,>10B,-0.27,-1.6243023255813953,0.98,scheme,True
RedHatAI/Mistral-Small-3.1-24B-Instruct-2503-quantized.w8a8,Mistral-Small-3.1-24B-Instruct-2503,w8a8_int,>10B,0.68,-1.6243023255813953,0.98,scheme,True
RedHatAI/Mistral-Small-3.1-24B-Instruct-2503-quantized.w8a8,Mistral-Small-3.1-24B-Instruct-2503,w8a8_int,>10B,-1.44,-1.6243023255813953,0.98,scheme,True
RedHatAI/Mistral-Small-3.1-24B-Instruct-2503-quantized.w8a8,Mistral-Small-3.1-24B-Instruct-2503,w8a8_int,>10B,-2.84,-1.6243023255813953,0.98,scheme,False
RedHatAI/Mistral-Small-3.1-24B-Instruct-2503-quantized.w8a8,Mistral-Small-3.1-24B-Instruct-2503,w8a8_int,>10B,-1.47,-1.6243023255813953,0.98,scheme,True
RedHatAI/Mistral-Small-3.1-24B-Instruct-2503-quantized.w8a8,Mistral-Small-3.1-24B-Instruct-2503,w8a8_int,>10B,-0.71,-1.6243023255813953,0.98,scheme,True
RedHatAI/Mistral-Small-3.1-24B-Instruct-2503-quantized.w8a8,Mistral-Small-3.1-24B-Instruct-2503,w8a8_int,>10B,2.01,-1.6243023255813953,0.98,scheme,False
RedHatAI/Mistral-Small-3.1-24B-Instruct-2503-quantized.w8a8,Mistral-Small-3.1-24B-Instruct-2503,w8a8_int,>10B,-4.04,-1.6243023255813953,0.98,scheme,False
RedHatAI/Mistral-Small-3.1-24B-Instruct-2503-quantized.w8a8,Mistral-Small-3.1-24B-Instruct-2503,w8a8_int,>10B,-0.5,-1.6243023255813953,0.98,scheme,True
RedHatAI/Mistral-Small-3.1-24B-Instruct-2503-quantized.w8a8,Mistral-Small-3.1-24B-Instruct-2503,w8a8_int,>10B,1.5,-1.6243023255813953,0.98,scheme,False
RedHatAI/Mistral-Small-3.2-24B-Instruct-2506-NVFP4,Mistral-Small-3.2-24B-Instruct-2506,nvfp4,>10B,-1.54,-2.3309523809523807,1.2,pooled,True
RedHatAI/Mistral-Small-3.2-24B-Instruct-2506-NVFP4,Mistral-Small-3.2-24B-Instruct-2506,nvfp4,>10B,-2.5,-2.3309523809523807,1.2,pooled,False
RedHatAI/Mistral-Small-3.2-24B-Instruct-2506-NVFP4,Mistral-Small-3.2-24B-Instruct-2506,nvfp4,>10B,-0.59,-2.3309523809523807,1.2,pooled,True
RedHatAI/Mistral-Small-3.2-24B-Instruct-2506-NVFP4,Mistral-Small-3.2-24B-Instruct-2506,nvfp4,>10B,-1.63,-2.3309523809523807,1.2,pooled,True
RedHatAI/Mistral-Small-3.2-24B-Instruct-2506-NVFP4,Mistral-Small-3.2-24B-Instruct-2506,nvfp4,>10B,-1.01,-2.3309523809523807,1.2,pooled,True
RedHatAI/Mistral-Small-3.2-24B-Instruct-2506-NVFP4,Mistral-Small-3.2-24B-Instruct-2506,nvfp4,>10B,-1.66,-2.3309523809523807,1.2,pooled,True
RedHatAI/Mistral-Small-3.2-24B-Instruct-2506-NVFP4,Mistral-Small-3.2-24B-Instruct-2506,nvfp4,>10B,-1.81,-2.3309523809523807,1.2,pooled,True
RedHatAI/Mistral-Small-3.2-24B-Instruct-2506-NVFP4,Mistral-Small-3.2-24B-Instruct-2506,nvfp4,>10B,-2.39,-2.3309523809523807,1.2,pooled,False
RedHatAI/Mistral-Small-3.2-24B-Instruct-2506-NVFP4,Mistral-Small-3.2-24B-Instruct-2506,nvfp4,>10B,1.06,-2.3309523809523807,1.2,pooled,True
RedHatAI/Mistral-Small-3.2-24B-Instruct-2506-NVFP4,Mistral-Small-3.2-24B-Instruct-2506,nvfp4,>10B,0.36,-2.3309523809523807,1.2,pooled,True
RedHatAI/Mistral-Small-3.2-24B-Instruct-2506-NVFP4,Mistral-Small-3.2-24B-Instruct-2506,nvfp4,>10B,-0.59,-2.3309523809523807,1.2,pooled,True
RedHatAI/Mistral-Small-3.2-24B-Instruct-2506-NVFP4,Mistral-Small-3.2-24B-Instruct-2506,nvfp4,>10B,-3.93,-2.3309523809523807,1.2,pooled,False
RedHatAI/Mistral-Small-3.2-24B-Instruct-2506-NVFP4,Mistral-Small-3.2-24B-Instruct-2506,nvfp4,>10B,-0.04,-2.3309523809523807,1.2,pooled,True
RedHatAI/Mixtral-8x22B-Instruct-v0.1-FP8,Mixtral-8x22B-Instruct-v0.1,fp8,>10B,0.0,-1.19,0.6299999999999999,scheme,True
RedHatAI/Mixtral-8x22B-Instruct-v0.1-FP8,Mixtral-8x22B-Instruct-v0.1,fp8,>10B,-0.98,-1.19,0.6299999999999999,scheme,True
RedHatAI/Mixtral-8x22B-Instruct-v0.1-FP8,Mixtral-8x22B-Instruct-v0.1,fp8,>10B,-0.09,-1.19,0.6299999999999999,scheme,True
RedHatAI/Mixtral-8x22B-Instruct-v0.1-FP8,Mixtral-8x22B-Instruct-v0.1,fp8,>10B,-0.15,-1.19,0.6299999999999999,scheme,True
RedHatAI/Mixtral-8x22B-Instruct-v0.1-FP8,Mixtral-8x22B-Instruct-v0.1,fp8,>10B,-0.48,-1.19,0.6299999999999999,scheme,True
RedHatAI/Mixtral-8x22B-Instruct-v0.1-FP8,Mixtral-8x22B-Instruct-v0.1,fp8,>10B,-0.48,-1.19,0.6299999999999999,scheme,True
RedHatAI/Mixtral-8x22B-v0.1-quantized.w4a16,Mixtral-8x22B-v0.1,w4a16,>10B,-0.51,-3.03,1.5937288135593222,scheme,True
RedHatAI/Mixtral-8x22B-v0.1-quantized.w4a16,Mixtral-8x22B-v0.1,w4a16,>10B,-1.74,-3.03,1.5937288135593222,scheme,True
RedHatAI/Mixtral-8x22B-v0.1-quantized.w4a16,Mixtral-8x22B-v0.1,w4a16,>10B,-0.37,-3.03,1.5937288135593222,scheme,True
RedHatAI/Mixtral-8x22B-v0.1-quantized.w4a16,Mixtral-8x22B-v0.1,w4a16,>10B,-1.19,-3.03,1.5937288135593222,scheme,True
RedHatAI/Mixtral-8x22B-v0.1-quantized.w4a16,Mixtral-8x22B-v0.1,w4a16,>10B,-0.02,-3.03,1.5937288135593222,scheme,True
RedHatAI/Mixtral-8x22B-v0.1-quantized.w4a16,Mixtral-8x22B-v0.1,w4a16,>10B,0.71,-3.03,1.5937288135593222,scheme,True
RedHatAI/Mixtral-8x7B-Instruct-v0.1-FP8,Mixtral-8x7B-Instruct-v0.1,fp8,>10B,-0.94,-1.11,0.6038235294117646,scheme,True
RedHatAI/Mixtral-8x7B-Instruct-v0.1-FP8,Mixtral-8x7B-Instruct-v0.1,fp8,>10B,-1.21,-1.11,0.6038235294117646,scheme,False
RedHatAI/Mixtral-8x7B-Instruct-v0.1-FP8,Mixtral-8x7B-Instruct-v0.1,fp8,>10B,-0.37,-1.11,0.6038235294117646,scheme,True
RedHatAI/Mixtral-8x7B-Instruct-v0.1-FP8,Mixtral-8x7B-Instruct-v0.1,fp8,>10B,-0.33,-1.11,0.6038235294117646,scheme,True
RedHatAI/Mixtral-8x7B-Instruct-v0.1-FP8,Mixtral-8x7B-Instruct-v0.1,fp8,>10B,-0.92,-1.11,0.6038235294117646,scheme,True
RedHatAI/Mixtral-8x7B-Instruct-v0.1-FP8,Mixtral-8x7B-Instruct-v0.1,fp8,>10B,-0.95,-1.11,0.6038235294117646,scheme,True
RedHatAI/Mixtral-8x7B-v0.1-quantized.w4a16,Mixtral-8x7B-v0.1,w4a16,>10B,-0.94,-3.03,1.615875706214689,scheme,True
RedHatAI/Mixtral-8x7B-v0.1-quantized.w4a16,Mixtral-8x7B-v0.1,w4a16,>10B,-1.82,-3.03,1.615875706214689,scheme,True
RedHatAI/Mixtral-8x7B-v0.1-quantized.w4a16,Mixtral-8x7B-v0.1,w4a16,>10B,-1.44,-3.03,1.615875706214689,scheme,True
RedHatAI/Mixtral-8x7B-v0.1-quantized.w4a16,Mixtral-8x7B-v0.1,w4a16,>10B,-1.1,-3.03,1.615875706214689,scheme,True
RedHatAI/Mixtral-8x7B-v0.1-quantized.w4a16,Mixtral-8x7B-v0.1,w4a16,>10B,0.53,-3.03,1.615875706214689,scheme,True
RedHatAI/Mixtral-8x7B-v0.1-quantized.w4a16,Mixtral-8x7B-v0.1,w4a16,>10B,-0.31,-3.03,1.615875706214689,scheme,True
RedHatAI/Qwen2.5-0.5B-FP8-dynamic,Qwen2.5-0.5B,fp8_dynamic,<2B,-0.47,-1.485635359116022,1.37,scheme,True
RedHatAI/Qwen2.5-0.5B-FP8-dynamic,Qwen2.5-0.5B,fp8_dynamic,<2B,-1.03,-1.485635359116022,1.37,scheme,True
RedHatAI/Qwen2.5-0.5B-FP8-dynamic,Qwen2.5-0.5B,fp8_dynamic,<2B,0.46,-1.485635359116022,1.37,scheme,True
RedHatAI/Qwen2.5-0.5B-FP8-dynamic,Qwen2.5-0.5B,fp8_dynamic,<2B,-0.52,-1.485635359116022,1.37,scheme,True
RedHatAI/Qwen2.5-0.5B-FP8-dynamic,Qwen2.5-0.5B,fp8_dynamic,<2B,-0.24,-1.485635359116022,1.37,scheme,True
RedHatAI/Qwen2.5-0.5B-FP8-dynamic,Qwen2.5-0.5B,fp8_dynamic,<2B,0.54,-1.485635359116022,1.37,scheme,True
RedHatAI/Qwen2.5-0.5B-quantized.w4a16,Qwen2.5-0.5B,w4a16,<2B,-2.53,-2.730734463276836,1.4,scheme,True
RedHatAI/Qwen2.5-0.5B-quantized.w4a16,Qwen2.5-0.5B,w4a16,<2B,-6.21,-2.730734463276836,1.4,scheme,False
RedHatAI/Qwen2.5-0.5B-quantized.w4a16,Qwen2.5-0.5B,w4a16,<2B,-2.68,-2.730734463276836,1.4,scheme,True
RedHatAI/Qwen2.5-0.5B-quantized.w4a16,Qwen2.5-0.5B,w4a16,<2B,-2.05,-2.730734463276836,1.4,scheme,True
RedHatAI/Qwen2.5-0.5B-quantized.w4a16,Qwen2.5-0.5B,w4a16,<2B,-1.01,-2.730734463276836,1.4,scheme,True
RedHatAI/Qwen2.5-0.5B-quantized.w8a16,Qwen2.5-0.5B,w8a16,<2B,0.24,-0.982972972972973,0.8267567567567569,scheme,True
RedHatAI/Qwen2.5-0.5B-quantized.w8a16,Qwen2.5-0.5B,w8a16,<2B,0.0,-0.982972972972973,0.8267567567567569,scheme,True
RedHatAI/Qwen2.5-0.5B-quantized.w8a16,Qwen2.5-0.5B,w8a16,<2B,-0.68,-0.982972972972973,0.8267567567567569,scheme,True
RedHatAI/Qwen2.5-0.5B-quantized.w8a16,Qwen2.5-0.5B,w8a16,<2B,-0.05,-0.982972972972973,0.8267567567567569,scheme,True
RedHatAI/Qwen2.5-0.5B-quantized.w8a16,Qwen2.5-0.5B,w8a16,<2B,-0.31,-0.982972972972973,0.8267567567567569,scheme,True
RedHatAI/Qwen2.5-0.5B-quantized.w8a16,Qwen2.5-0.5B,w8a16,<2B,-0.19,-0.982972972972973,0.8267567567567569,scheme,True
RedHatAI/Qwen2.5-0.5B-quantized.w8a8,Qwen2.5-0.5B,w8a8_int,<2B,-0.22,-1.8236158192090395,1.13,scheme,True
RedHatAI/Qwen2.5-0.5B-quantized.w8a8,Qwen2.5-0.5B,w8a8_int,<2B,-0.43,-1.8236158192090395,1.13,scheme,True
RedHatAI/Qwen2.5-0.5B-quantized.w8a8,Qwen2.5-0.5B,w8a8_int,<2B,0.0,-1.8236158192090395,1.13,scheme,True
RedHatAI/Qwen2.5-0.5B-quantized.w8a8,Qwen2.5-0.5B,w8a8_int,<2B,-0.2,-1.8236158192090395,1.13,scheme,True
RedHatAI/Qwen2.5-0.5B-quantized.w8a8,Qwen2.5-0.5B,w8a8_int,<2B,-0.16,-1.8236158192090395,1.13,scheme,True
RedHatAI/Qwen2.5-0.5B-quantized.w8a8,Qwen2.5-0.5B,w8a8_int,<2B,0.42,-1.8236158192090395,1.13,scheme,True
RedHatAI/Qwen2.5-0.5B-Instruct-quantized.w8a8,Qwen2.5-0.5B-Instruct,w8a8_int,<2B,-0.54,-1.8521965317919076,1.14,scheme,True
RedHatAI/Qwen2.5-0.5B-Instruct-quantized.w8a8,Qwen2.5-0.5B-Instruct,w8a8_int,<2B,-0.26,-1.8521965317919076,1.14,scheme,True
RedHatAI/Qwen2.5-0.5B-Instruct-quantized.w8a8,Qwen2.5-0.5B-Instruct,w8a8_int,<2B,0.0,-1.8521965317919076,1.14,scheme,True
RedHatAI/Qwen2.5-0.5B-Instruct-quantized.w8a8,Qwen2.5-0.5B-Instruct,w8a8_int,<2B,-0.34,-1.8521965317919076,1.14,scheme,True
RedHatAI/Qwen2.5-0.5B-Instruct-quantized.w8a8,Qwen2.5-0.5B-Instruct,w8a8_int,<2B,0.0,-1.8521965317919076,1.14,scheme,True
RedHatAI/Qwen2.5-0.5B-Instruct-quantized.w8a8,Qwen2.5-0.5B-Instruct,w8a8_int,<2B,-0.38,-1.8521965317919076,1.14,scheme,True
RedHatAI/Qwen2.5-0.5B-Instruct-quantized.w8a8,Qwen2.5-0.5B-Instruct,w8a8_int,<2B,0.87,-1.8521965317919076,1.14,scheme,True
RedHatAI/Qwen2.5-0.5B-Instruct-quantized.w8a8,Qwen2.5-0.5B-Instruct,w8a8_int,<2B,-0.28,-1.8521965317919076,1.14,scheme,True
RedHatAI/Qwen2.5-0.5B-Instruct-quantized.w8a8,Qwen2.5-0.5B-Instruct,w8a8_int,<2B,0.45,-1.8521965317919076,1.14,scheme,True
RedHatAI/Qwen2.5-0.5B-Instruct-quantized.w8a8,Qwen2.5-0.5B-Instruct,w8a8_int,<2B,-0.27,-1.8521965317919076,1.14,scheme,True
RedHatAI/Qwen2.5-1.5B-FP8-dynamic,Qwen2.5-1.5B,fp8_dynamic,<2B,-0.73,-1.4816574585635358,1.37,scheme,True
RedHatAI/Qwen2.5-1.5B-FP8-dynamic,Qwen2.5-1.5B,fp8_dynamic,<2B,-0.34,-1.4816574585635358,1.37,scheme,True
RedHatAI/Qwen2.5-1.5B-FP8-dynamic,Qwen2.5-1.5B,fp8_dynamic,<2B,-0.84,-1.4816574585635358,1.37,scheme,True
RedHatAI/Qwen2.5-1.5B-FP8-dynamic,Qwen2.5-1.5B,fp8_dynamic,<2B,-0.16,-1.4816574585635358,1.37,scheme,True
RedHatAI/Qwen2.5-1.5B-FP8-dynamic,Qwen2.5-1.5B,fp8_dynamic,<2B,0.94,-1.4816574585635358,1.37,scheme,True
RedHatAI/Qwen2.5-1.5B-FP8-dynamic,Qwen2.5-1.5B,fp8_dynamic,<2B,-0.49,-1.4816574585635358,1.37,scheme,True
RedHatAI/Qwen2.5-1.5B-quantized.w4a16,Qwen2.5-1.5B,w4a16,<2B,-2.05,-2.83,1.4324581005586596,scheme,True
RedHatAI/Qwen2.5-1.5B-quantized.w4a16,Qwen2.5-1.5B,w4a16,<2B,-1.96,-2.83,1.4324581005586596,scheme,True
RedHatAI/Qwen2.5-1.5B-quantized.w4a16,Qwen2.5-1.5B,w4a16,<2B,-4.25,-2.83,1.4324581005586596,scheme,False
RedHatAI/Qwen2.5-1.5B-quantized.w4a16,Qwen2.5-1.5B,w4a16,<2B,-0.86,-2.83,1.4324581005586596,scheme,True
RedHatAI/Qwen2.5-1.5B-quantized.w4a16,Qwen2.5-1.5B,w4a16,<2B,0.47,-2.83,1.4324581005586596,scheme,True
RedHatAI/Qwen2.5-1.5B-quantized.w4a16,Qwen2.5-1.5B,w4a16,<2B,-2.08,-2.83,1.4324581005586596,scheme,True
RedHatAI/Qwen2.5-1.5B-quantized.w8a16,Qwen2.5-1.5B,w8a16,<2B,0.02,-1.02,0.7735135135135136,scheme,True
RedHatAI/Qwen2.5-1.5B-quantized.w8a16,Qwen2.5-1.5B,w8a16,<2B,0.68,-1.02,0.7735135135135136,scheme,True
RedHatAI/Qwen2.5-1.5B-quantized.w8a16,Qwen2.5-1.5B,w8a16,<2B,0.22,-1.02,0.7735135135135136,scheme,True
RedHatAI/Qwen2.5-1.5B-quantized.w8a16,Qwen2.5-1.5B,w8a16,<2B,-0.01,-1.02,0.7735135135135136,scheme,True
RedHatAI/Qwen2.5-1.5B-quantized.w8a16,Qwen2.5-1.5B,w8a16,<2B,0.07,-1.02,0.7735135135135136,scheme,True
RedHatAI/Qwen2.5-1.5B-quantized.w8a16,Qwen2.5-1.5B,w8a16,<2B,0.0,-1.02,0.7735135135135136,scheme,True
RedHatAI/Qwen2.5-1.5B-quantized.w8a8,Qwen2.5-1.5B,w8a8_int,<2B,-0.63,-1.8211299435028248,1.13,scheme,True
RedHatAI/Qwen2.5-1.5B-quantized.w8a8,Qwen2.5-1.5B,w8a8_int,<2B,0.0,-1.8211299435028248,1.13,scheme,True
RedHatAI/Qwen2.5-1.5B-quantized.w8a8,Qwen2.5-1.5B,w8a8_int,<2B,-0.84,-1.8211299435028248,1.13,scheme,True
RedHatAI/Qwen2.5-1.5B-quantized.w8a8,Qwen2.5-1.5B,w8a8_int,<2B,0.07,-1.8211299435028248,1.13,scheme,True
RedHatAI/Qwen2.5-1.5B-quantized.w8a8,Qwen2.5-1.5B,w8a8_int,<2B,1.02,-1.8211299435028248,1.13,scheme,True
RedHatAI/Qwen2.5-1.5B-quantized.w8a8,Qwen2.5-1.5B,w8a8_int,<2B,-0.43,-1.8211299435028248,1.13,scheme,True
RedHatAI/Qwen2.5-14B-FP8-dynamic,Qwen2.5-14B,fp8_dynamic,>10B,-0.23,-1.4847513812154696,1.37,scheme,True
RedHatAI/Qwen2.5-14B-FP8-dynamic,Qwen2.5-14B,fp8_dynamic,>10B,-0.51,-1.4847513812154696,1.37,scheme,True
RedHatAI/Qwen2.5-14B-FP8-dynamic,Qwen2.5-14B,fp8_dynamic,>10B,-0.84,-1.4847513812154696,1.37,scheme,True
RedHatAI/Qwen2.5-14B-FP8-dynamic,Qwen2.5-14B,fp8_dynamic,>10B,0.0,-1.4847513812154696,1.37,scheme,True
RedHatAI/Qwen2.5-14B-FP8-dynamic,Qwen2.5-14B,fp8_dynamic,>10B,0.4,-1.4847513812154696,1.37,scheme,True
RedHatAI/Qwen2.5-14B-FP8-dynamic,Qwen2.5-14B,fp8_dynamic,>10B,-0.16,-1.4847513812154696,1.37,scheme,True
RedHatAI/Qwen2.5-14B-quantized.w8a8,Qwen2.5-14B,w8a8_int,>10B,-0.33,-1.8148022598870055,1.13,scheme,True
RedHatAI/Qwen2.5-14B-quantized.w8a8,Qwen2.5-14B,w8a8_int,>10B,-0.43,-1.8148022598870055,1.13,scheme,True
RedHatAI/Qwen2.5-14B-quantized.w8a8,Qwen2.5-14B,w8a8_int,>10B,-0.53,-1.8148022598870055,1.13,scheme,True
RedHatAI/Qwen2.5-14B-quantized.w8a8,Qwen2.5-14B,w8a8_int,>10B,-0.12,-1.8148022598870055,1.13,scheme,True
RedHatAI/Qwen2.5-14B-quantized.w8a8,Qwen2.5-14B,w8a8_int,>10B,-0.15,-1.8148022598870055,1.13,scheme,True
RedHatAI/Qwen2.5-14B-quantized.w8a8,Qwen2.5-14B,w8a8_int,>10B,0.19,-1.8148022598870055,1.13,scheme,True
RedHatAI/Qwen2.5-14B-Instruct-quantized.w8a8,Qwen2.5-14B-Instruct,w8a8_int,>10B,-0.12,-1.7540983606557377,1.02,scheme,True
RedHatAI/Qwen2.5-14B-Instruct-quantized.w8a8,Qwen2.5-14B-Instruct,w8a8_int,>10B,0.26,-1.7540983606557377,1.02,scheme,True
RedHatAI/Qwen2.5-14B-Instruct-quantized.w8a8,Qwen2.5-14B-Instruct,w8a8_int,>10B,1.97,-1.7540983606557377,1.02,scheme,False
RedHatAI/Qwen2.5-14B-Instruct-quantized.w8a8,Qwen2.5-14B-Instruct,w8a8_int,>10B,-0.23,-1.7540983606557377,1.02,scheme,True
RedHatAI/Qwen2.5-14B-Instruct-quantized.w8a8,Qwen2.5-14B-Instruct,w8a8_int,>10B,-0.08,-1.7540983606557377,1.02,scheme,True
RedHatAI/Qwen2.5-14B-Instruct-quantized.w8a8,Qwen2.5-14B-Instruct,w8a8_int,>10B,0.01,-1.7540983606557377,1.02,scheme,True
RedHatAI/Qwen2.5-32B-quantized.w8a16,Qwen2.5-32B,w8a16,>10B,-0.06,-1.02,0.7835135135135136,scheme,True
RedHatAI/Qwen2.5-32B-quantized.w8a16,Qwen2.5-32B,w8a16,>10B,-0.26,-1.02,0.7835135135135136,scheme,True
RedHatAI/Qwen2.5-32B-quantized.w8a16,Qwen2.5-32B,w8a16,>10B,0.53,-1.02,0.7835135135135136,scheme,True
RedHatAI/Qwen2.5-32B-quantized.w8a16,Qwen2.5-32B,w8a16,>10B,0.06,-1.02,0.7835135135135136,scheme,True
RedHatAI/Qwen2.5-32B-quantized.w8a16,Qwen2.5-32B,w8a16,>10B,0.32,-1.02,0.7835135135135136,scheme,True
RedHatAI/Qwen2.5-32B-quantized.w8a16,Qwen2.5-32B,w8a16,>10B,0.02,-1.02,0.7835135135135136,scheme,True
RedHatAI/Qwen2.5-3B-FP8-dynamic,Qwen2.5-3B,fp8_dynamic,2-10B,-0.45,-1.4208839779005524,1.37,scheme,True
RedHatAI/Qwen2.5-3B-FP8-dynamic,Qwen2.5-3B,fp8_dynamic,2-10B,-1.09,-1.4208839779005524,1.37,scheme,True
RedHatAI/Qwen2.5-3B-FP8-dynamic,Qwen2.5-3B,fp8_dynamic,2-10B,-4.32,-1.4208839779005524,1.37,scheme,False
RedHatAI/Qwen2.5-3B-FP8-dynamic,Qwen2.5-3B,fp8_dynamic,2-10B,-0.33,-1.4208839779005524,1.37,scheme,True
RedHatAI/Qwen2.5-3B-FP8-dynamic,Qwen2.5-3B,fp8_dynamic,2-10B,-0.71,-1.4208839779005524,1.37,scheme,True
RedHatAI/Qwen2.5-3B-FP8-dynamic,Qwen2.5-3B,fp8_dynamic,2-10B,-0.22,-1.4208839779005524,1.37,scheme,True
RedHatAI/Qwen2.5-3B-quantized.w4a16,Qwen2.5-3B,w4a16,2-10B,-1.58,-2.83,1.4,scheme,True
RedHatAI/Qwen2.5-3B-quantized.w4a16,Qwen2.5-3B,w4a16,2-10B,-2.39,-2.83,1.4,scheme,True
RedHatAI/Qwen2.5-3B-quantized.w4a16,Qwen2.5-3B,w4a16,2-10B,-0.38,-2.83,1.4,scheme,True
RedHatAI/Qwen2.5-3B-quantized.w4a16,Qwen2.5-3B,w4a16,2-10B,-1.1,-2.83,1.4,scheme,True
RedHatAI/Qwen2.5-3B-quantized.w4a16,Qwen2.5-3B,w4a16,2-10B,-0.32,-2.83,1.4,scheme,True
RedHatAI/Qwen2.5-3B-quantized.w8a16,Qwen2.5-3B,w8a16,2-10B,-0.03,-0.98,0.77,scheme,True
RedHatAI/Qwen2.5-3B-quantized.w8a16,Qwen2.5-3B,w8a16,2-10B,-0.51,-0.98,0.77,scheme,True
RedHatAI/Qwen2.5-3B-quantized.w8a16,Qwen2.5-3B,w8a16,2-10B,1.82,-0.98,0.77,scheme,False
RedHatAI/Qwen2.5-3B-quantized.w8a16,Qwen2.5-3B,w8a16,2-10B,-0.05,-0.98,0.77,scheme,True
RedHatAI/Qwen2.5-3B-quantized.w8a16,Qwen2.5-3B,w8a16,2-10B,-0.08,-0.98,0.77,scheme,True
RedHatAI/Qwen2.5-3B-quantized.w8a8,Qwen2.5-3B,w8a8_int,2-10B,-0.95,-1.71,1.0784745762711863,scheme,True
RedHatAI/Qwen2.5-3B-quantized.w8a8,Qwen2.5-3B,w8a8_int,2-10B,-0.73,-1.71,1.0784745762711863,scheme,True
RedHatAI/Qwen2.5-3B-quantized.w8a8,Qwen2.5-3B,w8a8_int,2-10B,-1.97,-1.71,1.0784745762711863,scheme,False
RedHatAI/Qwen2.5-3B-quantized.w8a8,Qwen2.5-3B,w8a8_int,2-10B,-0.39,-1.71,1.0784745762711863,scheme,True
RedHatAI/Qwen2.5-3B-quantized.w8a8,Qwen2.5-3B,w8a8_int,2-10B,-0.16,-1.71,1.0784745762711863,scheme,True
RedHatAI/Qwen2.5-3B-quantized.w8a8,Qwen2.5-3B,w8a8_int,2-10B,-1.0,-1.71,1.0784745762711863,scheme,True
RedHatAI/Qwen2.5-72B-FP8-dynamic,Qwen2.5-72B,fp8_dynamic,>10B,-0.21,-1.4913812154696133,1.37,scheme,True
RedHatAI/Qwen2.5-72B-FP8-dynamic,Qwen2.5-72B,fp8_dynamic,>10B,-0.09,-1.4913812154696133,1.37,scheme,True
RedHatAI/Qwen2.5-72B-FP8-dynamic,Qwen2.5-72B,fp8_dynamic,>10B,-0.84,-1.4913812154696133,1.37,scheme,True
RedHatAI/Qwen2.5-72B-FP8-dynamic,Qwen2.5-72B,fp8_dynamic,>10B,-0.07,-1.4913812154696133,1.37,scheme,True
RedHatAI/Qwen2.5-72B-FP8-dynamic,Qwen2.5-72B,fp8_dynamic,>10B,0.63,-1.4913812154696133,1.37,scheme,True
RedHatAI/Qwen2.5-72B-FP8-dynamic,Qwen2.5-72B,fp8_dynamic,>10B,-0.16,-1.4913812154696133,1.37,scheme,True
RedHatAI/Qwen2.5-72B-quantized.w8a16,Qwen2.5-72B,w8a16,>10B,-0.07,-1.0148648648648648,0.7948648648648649,scheme,True
RedHatAI/Qwen2.5-72B-quantized.w8a16,Qwen2.5-72B,w8a16,>10B,-0.09,-1.0148648648648648,0.7948648648648649,scheme,True
RedHatAI/Qwen2.5-72B-quantized.w8a16,Qwen2.5-72B,w8a16,>10B,0.53,-1.0148648648648648,0.7948648648648649,scheme,True
RedHatAI/Qwen2.5-72B-quantized.w8a16,Qwen2.5-72B,w8a16,>10B,-0.04,-1.0148648648648648,0.7948648648648649,scheme,True
RedHatAI/Qwen2.5-72B-quantized.w8a16,Qwen2.5-72B,w8a16,>10B,0.0,-1.0148648648648648,0.7948648648648649,scheme,True
RedHatAI/Qwen2.5-72B-quantized.w8a16,Qwen2.5-72B,w8a16,>10B,-0.14,-1.0148648648648648,0.7948648648648649,scheme,True
RedHatAI/Qwen2.5-72B-quantized.w8a8,Qwen2.5-72B,w8a8_int,>10B,-0.37,-1.8167231638418078,1.13,scheme,True
RedHatAI/Qwen2.5-72B-quantized.w8a8,Qwen2.5-72B,w8a8_int,>10B,-0.09,-1.8167231638418078,1.13,scheme,True
RedHatAI/Qwen2.5-72B-quantized.w8a8,Qwen2.5-72B,w8a8_int,>10B,0.0,-1.8167231638418078,1.13,scheme,True
RedHatAI/Qwen2.5-72B-quantized.w8a8,Qwen2.5-72B,w8a8_int,>10B,0.0,-1.8167231638418078,1.13,scheme,True
RedHatAI/Qwen2.5-72B-quantized.w8a8,Qwen2.5-72B,w8a8_int,>10B,-0.79,-1.8167231638418078,1.13,scheme,True
RedHatAI/Qwen2.5-72B-quantized.w8a8,Qwen2.5-72B,w8a8_int,>10B,0.05,-1.8167231638418078,1.13,scheme,True
RedHatAI/Qwen2.5-7B-FP8-dynamic,Qwen2.5-7B,fp8_dynamic,2-10B,0.11,-1.5046408839779004,1.37,scheme,True
RedHatAI/Qwen2.5-7B-FP8-dynamic,Qwen2.5-7B,fp8_dynamic,2-10B,0.0,-1.5046408839779004,1.37,scheme,True
RedHatAI/Qwen2.5-7B-FP8-dynamic,Qwen2.5-7B,fp8_dynamic,2-10B,0.98,-1.5046408839779004,1.37,scheme,True
RedHatAI/Qwen2.5-7B-FP8-dynamic,Qwen2.5-7B,fp8_dynamic,2-10B,-0.04,-1.5046408839779004,1.37,scheme,True
RedHatAI/Qwen2.5-7B-FP8-dynamic,Qwen2.5-7B,fp8_dynamic,2-10B,-0.39,-1.5046408839779004,1.37,scheme,True
RedHatAI/Qwen2.5-7B-FP8-dynamic,Qwen2.5-7B,fp8_dynamic,2-10B,-0.2,-1.5046408839779004,1.37,scheme,True
RedHatAI/Qwen2.5-7B-quantized.w4a16,Qwen2.5-7B,w4a16,2-10B,-0.68,-3.03,1.5970056497175142,scheme,True
RedHatAI/Qwen2.5-7B-quantized.w4a16,Qwen2.5-7B,w4a16,2-10B,-0.69,-3.03,1.5970056497175142,scheme,True
RedHatAI/Qwen2.5-7B-quantized.w4a16,Qwen2.5-7B,w4a16,2-10B,-0.68,-3.03,1.5970056497175142,scheme,True
RedHatAI/Qwen2.5-7B-quantized.w4a16,Qwen2.5-7B,w4a16,2-10B,-0.78,-3.03,1.5970056497175142,scheme,True
RedHatAI/Qwen2.5-7B-quantized.w4a16,Qwen2.5-7B,w4a16,2-10B,0.32,-3.03,1.5970056497175142,scheme,True
RedHatAI/Qwen2.5-7B-quantized.w4a16,Qwen2.5-7B,w4a16,2-10B,-0.9,-3.03,1.5970056497175142,scheme,True
RedHatAI/Qwen2.5-7B-quantized.w8a16,Qwen2.5-7B,w8a16,2-10B,0.26,-1.02,0.7864,scheme,True
RedHatAI/Qwen2.5-7B-quantized.w8a16,Qwen2.5-7B,w8a16,2-10B,0.68,-1.02,0.7864,scheme,True
RedHatAI/Qwen2.5-7B-quantized.w8a16,Qwen2.5-7B,w8a16,2-10B,0.08,-1.02,0.7864,scheme,True
RedHatAI/Qwen2.5-7B-quantized.w8a16,Qwen2.5-7B,w8a16,2-10B,-0.32,-1.02,0.7864,scheme,True
RedHatAI/Qwen2.5-7B-quantized.w8a16,Qwen2.5-7B,w8a16,2-10B,-0.1,-1.02,0.7864,scheme,True
RedHatAI/Qwen2.5-7B-quantized.w8a8,Qwen2.5-7B,w8a8_int,2-10B,-0.49,-1.8148022598870055,1.13,scheme,True
RedHatAI/Qwen2.5-7B-quantized.w8a8,Qwen2.5-7B,w8a8_int,2-10B,-0.26,-1.8148022598870055,1.13,scheme,True
RedHatAI/Qwen2.5-7B-quantized.w8a8,Qwen2.5-7B,w8a8_int,2-10B,0.07,-1.8148022598870055,1.13,scheme,True
RedHatAI/Qwen2.5-7B-quantized.w8a8,Qwen2.5-7B,w8a8_int,2-10B,-0.22,-1.8148022598870055,1.13,scheme,True
RedHatAI/Qwen2.5-7B-quantized.w8a8,Qwen2.5-7B,w8a8_int,2-10B,-0.47,-1.8148022598870055,1.13,scheme,True
RedHatAI/Qwen2.5-7B-quantized.w8a8,Qwen2.5-7B,w8a8_int,2-10B,0.0,-1.8148022598870055,1.13,scheme,True
RedHatAI/Qwen2.5-7B-Instruct-FP8-dynamic,Qwen2.5-7B-Instruct,fp8_dynamic,2-10B,-0.2,-1.485303867403315,1.37,scheme,True
RedHatAI/Qwen2.5-7B-Instruct-FP8-dynamic,Qwen2.5-7B-Instruct,fp8_dynamic,2-10B,-0.26,-1.485303867403315,1.37,scheme,True
RedHatAI/Qwen2.5-7B-Instruct-FP8-dynamic,Qwen2.5-7B-Instruct,fp8_dynamic,2-10B,-0.3,-1.485303867403315,1.37,scheme,True
RedHatAI/Qwen2.5-7B-Instruct-FP8-dynamic,Qwen2.5-7B-Instruct,fp8_dynamic,2-10B,-0.41,-1.485303867403315,1.37,scheme,True
RedHatAI/Qwen2.5-7B-Instruct-FP8-dynamic,Qwen2.5-7B-Instruct,fp8_dynamic,2-10B,-0.23,-1.485303867403315,1.37,scheme,True
RedHatAI/Qwen2.5-7B-Instruct-FP8-dynamic,Qwen2.5-7B-Instruct,fp8_dynamic,2-10B,0.11,-1.485303867403315,1.37,scheme,True
RedHatAI/Qwen2.5-7B-Instruct-quantized.w4a16,Qwen2.5-7B-Instruct,w4a16,2-10B,-1.05,-3.03,1.5903389830508474,scheme,True
RedHatAI/Qwen2.5-7B-Instruct-quantized.w4a16,Qwen2.5-7B-Instruct,w4a16,2-10B,-0.17,-3.03,1.5903389830508474,scheme,True
RedHatAI/Qwen2.5-7B-Instruct-quantized.w4a16,Qwen2.5-7B-Instruct,w4a16,2-10B,0.23,-3.03,1.5903389830508474,scheme,True
RedHatAI/Qwen2.5-7B-Instruct-quantized.w4a16,Qwen2.5-7B-Instruct,w4a16,2-10B,-0.87,-3.03,1.5903389830508474,scheme,True
RedHatAI/Qwen2.5-7B-Instruct-quantized.w4a16,Qwen2.5-7B-Instruct,w4a16,2-10B,-0.47,-3.03,1.5903389830508474,scheme,True
RedHatAI/Qwen2.5-7B-Instruct-quantized.w4a16,Qwen2.5-7B-Instruct,w4a16,2-10B,-0.49,-3.03,1.5903389830508474,scheme,True
RedHatAI/Qwen2.5-7B-Instruct-quantized.w8a8,Qwen2.5-7B-Instruct,w8a8_int,2-10B,-0.37,-1.823050847457627,1.13,scheme,True
RedHatAI/Qwen2.5-7B-Instruct-quantized.w8a8,Qwen2.5-7B-Instruct,w8a8_int,2-10B,-0.17,-1.823050847457627,1.13,scheme,True
RedHatAI/Qwen2.5-7B-Instruct-quantized.w8a8,Qwen2.5-7B-Instruct,w8a8_int,2-10B,0.38,-1.823050847457627,1.13,scheme,True
RedHatAI/Qwen2.5-7B-Instruct-quantized.w8a8,Qwen2.5-7B-Instruct,w8a8_int,2-10B,-0.46,-1.823050847457627,1.13,scheme,True
RedHatAI/Qwen2.5-7B-Instruct-quantized.w8a8,Qwen2.5-7B-Instruct,w8a8_int,2-10B,0.16,-1.823050847457627,1.13,scheme,True
RedHatAI/Qwen2.5-7B-Instruct-quantized.w8a8,Qwen2.5-7B-Instruct,w8a8_int,2-10B,-0.18,-1.823050847457627,1.13,scheme,True
RedHatAI/Qwen3-14B-FP8-dynamic,Qwen3-14B,fp8_dynamic,>10B,-0.34,-1.4,1.2487640449438202,scheme,True
RedHatAI/Qwen3-14B-FP8-dynamic,Qwen3-14B,fp8_dynamic,>10B,0.35,-1.4,1.2487640449438202,scheme,True
RedHatAI/Qwen3-14B-FP8-dynamic,Qwen3-14B,fp8_dynamic,>10B,-1.44,-1.4,1.2487640449438202,scheme,False
RedHatAI/Qwen3-14B-FP8-dynamic,Qwen3-14B,fp8_dynamic,>10B,1.37,-1.4,1.2487640449438202,scheme,False
RedHatAI/Qwen3-14B-FP8-dynamic,Qwen3-14B,fp8_dynamic,>10B,1.1,-1.4,1.2487640449438202,scheme,True
RedHatAI/Qwen3-14B-FP8-dynamic,Qwen3-14B,fp8_dynamic,>10B,0.2,-1.4,1.2487640449438202,scheme,True
RedHatAI/Qwen3-14B-FP8-dynamic,Qwen3-14B,fp8_dynamic,>10B,0.3,-1.4,1.2487640449438202,scheme,True
RedHatAI/Qwen3-14B-FP8-dynamic,Qwen3-14B,fp8_dynamic,>10B,-0.03,-1.4,1.2487640449438202,scheme,True
RedHatAI/Qwen3-14B-FP8-dynamic,Qwen3-14B,fp8_dynamic,>10B,0.13,-1.4,1.2487640449438202,scheme,True
RedHatAI/Qwen3-14B-FP8-dynamic,Qwen3-14B,fp8_dynamic,>10B,2.52,-1.4,1.2487640449438202,scheme,False
RedHatAI/Qwen3-14B-NVFP4,Qwen3-14B,nvfp4,>10B,-0.26,-2.3588,1.1460000000000001,pooled,True
RedHatAI/Qwen3-14B-NVFP4,Qwen3-14B,nvfp4,>10B,-0.45,-2.3588,1.1460000000000001,pooled,True
RedHatAI/Qwen3-14B-NVFP4,Qwen3-14B,nvfp4,>10B,-1.38,-2.3588,1.1460000000000001,pooled,True
RedHatAI/Qwen3-14B-NVFP4,Qwen3-14B,nvfp4,>10B,-1.63,-2.3588,1.1460000000000001,pooled,True
RedHatAI/Qwen3-14B-NVFP4,Qwen3-14B,nvfp4,>10B,-0.1,-2.3588,1.1460000000000001,pooled,True
RedHatAI/Qwen3-14B-NVFP4,Qwen3-14B,nvfp4,>10B,0.08,-2.3588,1.1460000000000001,pooled,True
RedHatAI/Qwen3-14B-NVFP4,Qwen3-14B,nvfp4,>10B,-2.67,-2.3588,1.1460000000000001,pooled,False
RedHatAI/Qwen3-14B-NVFP4,Qwen3-14B,nvfp4,>10B,-3.24,-2.3588,1.1460000000000001,pooled,False
RedHatAI/Qwen3-14B-NVFP4,Qwen3-14B,nvfp4,>10B,-0.79,-2.3588,1.1460000000000001,pooled,True
RedHatAI/Qwen3-14B-NVFP4,Qwen3-14B,nvfp4,>10B,0.96,-2.3588,1.1460000000000001,pooled,True
RedHatAI/Qwen3-14B-NVFP4,Qwen3-14B,nvfp4,>10B,-0.84,-2.3588,1.1460000000000001,pooled,True
RedHatAI/Qwen3-14B-NVFP4,Qwen3-14B,nvfp4,>10B,-3.93,-2.3588,1.1460000000000001,pooled,False
RedHatAI/Qwen3-14B-NVFP4,Qwen3-14B,nvfp4,>10B,-0.87,-2.3588,1.1460000000000001,pooled,True
RedHatAI/Qwen3-14B-quantized.w4a16,Qwen3-14B,w4a16,>10B,-0.91,-2.838324022346369,1.27,scheme,True
RedHatAI/Qwen3-14B-quantized.w4a16,Qwen3-14B,w4a16,>10B,-0.08,-2.838324022346369,1.27,scheme,True
RedHatAI/Qwen3-14B-quantized.w4a16,Qwen3-14B,w4a16,>10B,3.94,-2.838324022346369,1.27,scheme,False
RedHatAI/Qwen3-14B-quantized.w4a16,Qwen3-14B,w4a16,>10B,2.87,-2.838324022346369,1.27,scheme,False
RedHatAI/Qwen3-14B-quantized.w4a16,Qwen3-14B,w4a16,>10B,0.91,-2.838324022346369,1.27,scheme,True
RedHatAI/Qwen3-14B-quantized.w4a16,Qwen3-14B,w4a16,>10B,-2.2,-2.838324022346369,1.27,scheme,True
RedHatAI/Qwen3-14B-quantized.w4a16,Qwen3-14B,w4a16,>10B,-1.66,-2.838324022346369,1.27,scheme,True
RedHatAI/Qwen3-14B-quantized.w4a16,Qwen3-14B,w4a16,>10B,0.87,-2.838324022346369,1.27,scheme,True
RedHatAI/Qwen3-14B-quantized.w4a16,Qwen3-14B,w4a16,>10B,-0.51,-2.838324022346369,1.27,scheme,True
RedHatAI/Qwen3-32B-FP8-dynamic,Qwen3-32B,fp8_dynamic,>10B,-0.07,-1.44,1.2370621468926553,scheme,True
RedHatAI/Qwen3-32B-FP8-dynamic,Qwen3-32B,fp8_dynamic,>10B,-1.03,-1.44,1.2370621468926553,scheme,True
RedHatAI/Qwen3-32B-FP8-dynamic,Qwen3-32B,fp8_dynamic,>10B,0.68,-1.44,1.2370621468926553,scheme,True
RedHatAI/Qwen3-32B-FP8-dynamic,Qwen3-32B,fp8_dynamic,>10B,0.34,-1.44,1.2370621468926553,scheme,True
RedHatAI/Qwen3-32B-FP8-dynamic,Qwen3-32B,fp8_dynamic,>10B,0.08,-1.44,1.2370621468926553,scheme,True
RedHatAI/Qwen3-32B-FP8-dynamic,Qwen3-32B,fp8_dynamic,>10B,0.5,-1.44,1.2370621468926553,scheme,True
RedHatAI/Qwen3-32B-FP8-dynamic,Qwen3-32B,fp8_dynamic,>10B,0.54,-1.44,1.2370621468926553,scheme,True
RedHatAI/Qwen3-32B-FP8-dynamic,Qwen3-32B,fp8_dynamic,>10B,0.0,-1.44,1.2370621468926553,scheme,True
RedHatAI/Qwen3-32B-FP8-dynamic,Qwen3-32B,fp8_dynamic,>10B,-0.59,-1.44,1.2370621468926553,scheme,True
RedHatAI/Qwen3-32B-FP8-dynamic,Qwen3-32B,fp8_dynamic,>10B,2.65,-1.44,1.2370621468926553,scheme,False
RedHatAI/Qwen3-32B-FP8-dynamic,Qwen3-32B,fp8_dynamic,>10B,2.02,-1.44,1.2370621468926553,scheme,False
RedHatAI/Qwen3-32B-NVFP4,Qwen3-32B,nvfp4,>10B,-0.43,-2.431395348837209,1.17,pooled,True
RedHatAI/Qwen3-32B-NVFP4,Qwen3-32B,nvfp4,>10B,0.53,-2.431395348837209,1.17,pooled,True
RedHatAI/Qwen3-32B-NVFP4,Qwen3-32B,nvfp4,>10B,-0.67,-2.431395348837209,1.17,pooled,True
RedHatAI/Qwen3-32B-NVFP4,Qwen3-32B,nvfp4,>10B,-0.61,-2.431395348837209,1.17,pooled,True
RedHatAI/Qwen3-32B-NVFP4,Qwen3-32B,nvfp4,>10B,-0.44,-2.431395348837209,1.17,pooled,True
RedHatAI/Qwen3-32B-NVFP4,Qwen3-32B,nvfp4,>10B,0.87,-2.431395348837209,1.17,pooled,True
RedHatAI/Qwen3-32B-NVFP4,Qwen3-32B,nvfp4,>10B,-1.63,-2.431395348837209,1.17,pooled,True
RedHatAI/Qwen3-32B-NVFP4,Qwen3-32B,nvfp4,>10B,-3.26,-2.431395348837209,1.17,pooled,False
RedHatAI/Qwen3-32B-NVFP4,Qwen3-32B,nvfp4,>10B,1.72,-2.431395348837209,1.17,pooled,False
RedHatAI/Qwen3-32B-NVFP4,Qwen3-32B,nvfp4,>10B,-1.68,-2.431395348837209,1.17,pooled,True
RedHatAI/Qwen3-32B-NVFP4,Qwen3-32B,nvfp4,>10B,0.17,-2.431395348837209,1.17,pooled,True
RedHatAI/Qwen3-32B-NVFP4,Qwen3-32B,nvfp4,>10B,-2.72,-2.431395348837209,1.17,pooled,False
RedHatAI/Qwen3-32B-NVFP4,Qwen3-32B,nvfp4,>10B,0.26,-2.431395348837209,1.17,pooled,True
RedHatAI/Qwen3-32B-NVFP4,Qwen3-32B,nvfp4,>10B,1.53,-2.431395348837209,1.17,pooled,False
RedHatAI/Qwen3-32B-quantized.w4a16,Qwen3-32B,w4a16,>10B,-0.6,-2.8556976744186042,1.4,scheme,True
RedHatAI/Qwen3-32B-quantized.w4a16,Qwen3-32B,w4a16,>10B,-0.34,-2.8556976744186042,1.4,scheme,True
RedHatAI/Qwen3-32B-quantized.w4a16,Qwen3-32B,w4a16,>10B,-1.67,-2.8556976744186042,1.4,scheme,True
RedHatAI/Qwen3-32B-quantized.w4a16,Qwen3-32B,w4a16,>10B,0.08,-2.8556976744186042,1.4,scheme,True
RedHatAI/Qwen3-32B-quantized.w4a16,Qwen3-32B,w4a16,>10B,0.23,-2.8556976744186042,1.4,scheme,True
RedHatAI/Qwen3-32B-quantized.w4a16,Qwen3-32B,w4a16,>10B,-1.61,-2.8556976744186042,1.4,scheme,True
RedHatAI/Qwen3-32B-quantized.w4a16,Qwen3-32B,w4a16,>10B,-0.7,-2.8556976744186042,1.4,scheme,True
RedHatAI/Qwen3-32B-quantized.w4a16,Qwen3-32B,w4a16,>10B,-3.22,-2.8556976744186042,1.4,scheme,False
RedHatAI/Qwen3-32B-quantized.w4a16,Qwen3-32B,w4a16,>10B,0.77,-2.8556976744186042,1.4,scheme,True
RedHatAI/Qwen3-32B-quantized.w4a16,Qwen3-32B,w4a16,>10B,0.0,-2.8556976744186042,1.4,scheme,True
RedHatAI/Qwen3-8B-FP8-dynamic,Qwen3-8B,fp8_dynamic,2-10B,0.35,-1.4,1.1546368715083797,scheme,True
RedHatAI/Qwen3-8B-FP8-dynamic,Qwen3-8B,fp8_dynamic,2-10B,-0.09,-1.4,1.1546368715083797,scheme,True
RedHatAI/Qwen3-8B-FP8-dynamic,Qwen3-8B,fp8_dynamic,2-10B,4.55,-1.4,1.1546368715083797,scheme,False
RedHatAI/Qwen3-8B-FP8-dynamic,Qwen3-8B,fp8_dynamic,2-10B,-0.57,-1.4,1.1546368715083797,scheme,True
RedHatAI/Qwen3-8B-FP8-dynamic,Qwen3-8B,fp8_dynamic,2-10B,0.24,-1.4,1.1546368715083797,scheme,True
RedHatAI/Qwen3-8B-FP8-dynamic,Qwen3-8B,fp8_dynamic,2-10B,-0.78,-1.4,1.1546368715083797,scheme,True
RedHatAI/Qwen3-8B-FP8-dynamic,Qwen3-8B,fp8_dynamic,2-10B,3.25,-1.4,1.1546368715083797,scheme,False
RedHatAI/Qwen3-8B-FP8-dynamic,Qwen3-8B,fp8_dynamic,2-10B,-0.21,-1.4,1.1546368715083797,scheme,True
RedHatAI/Qwen3-8B-FP8-dynamic,Qwen3-8B,fp8_dynamic,2-10B,1.73,-1.4,1.1546368715083797,scheme,False
RedHatAI/Qwen3-8B-FP8-dynamic,Qwen3-8B,fp8_dynamic,2-10B,0.85,-1.4,1.1546368715083797,scheme,True
RedHatAI/Qwen3-8B-FP8-dynamic,Qwen3-8B,fp8_dynamic,2-10B,2.52,-1.4,1.1546368715083797,scheme,False
RedHatAI/Qwen3-8B-NVFP4,Qwen3-8B,nvfp4,2-10B,-0.85,-2.21,1.1,pooled,True
RedHatAI/Qwen3-8B-NVFP4,Qwen3-8B,nvfp4,2-10B,-0.53,-2.21,1.1,pooled,True
RedHatAI/Qwen3-8B-NVFP4,Qwen3-8B,nvfp4,2-10B,-1.34,-2.21,1.1,pooled,True
RedHatAI/Qwen3-8B-NVFP4,Qwen3-8B,nvfp4,2-10B,-1.9,-2.21,1.1,pooled,True
RedHatAI/Qwen3-8B-NVFP4,Qwen3-8B,nvfp4,2-10B,0.65,-2.21,1.1,pooled,True
RedHatAI/Qwen3-8B-NVFP4,Qwen3-8B,nvfp4,2-10B,-3.0,-2.21,1.1,pooled,False
RedHatAI/Qwen3-8B-NVFP4,Qwen3-8B,nvfp4,2-10B,1.87,-2.21,1.1,pooled,False
RedHatAI/Qwen3-8B-NVFP4,Qwen3-8B,nvfp4,2-10B,-7.15,-2.21,1.1,pooled,False
RedHatAI/Qwen3-8B-NVFP4,Qwen3-8B,nvfp4,2-10B,2.25,-2.21,1.1,pooled,False
RedHatAI/Qwen3-8B-NVFP4,Qwen3-8B,nvfp4,2-10B,-0.24,-2.21,1.1,pooled,True
RedHatAI/Qwen3-8B-NVFP4,Qwen3-8B,nvfp4,2-10B,1.17,-2.21,1.1,pooled,False
RedHatAI/Qwen3-8B-NVFP4,Qwen3-8B,nvfp4,2-10B,-2.72,-2.21,1.1,pooled,False
RedHatAI/Qwen3-8B-NVFP4,Qwen3-8B,nvfp4,2-10B,-1.19,-2.21,1.1,pooled,True
RedHatAI/Qwen3-8B-NVFP4,Qwen3-8B,nvfp4,2-10B,-5.08,-2.21,1.1,pooled,False
RedHatAI/Qwen3-8B-quantized.w4a16,Qwen3-8B,w4a16,2-10B,-2.21,-2.6779661016949152,1.229438202247191,scheme,True
RedHatAI/Qwen3-8B-quantized.w4a16,Qwen3-8B,w4a16,2-10B,0.08,-2.6779661016949152,1.229438202247191,scheme,True
RedHatAI/Qwen3-8B-quantized.w4a16,Qwen3-8B,w4a16,2-10B,2.65,-2.6779661016949152,1.229438202247191,scheme,False
RedHatAI/Qwen3-8B-quantized.w4a16,Qwen3-8B,w4a16,2-10B,1.27,-2.6779661016949152,1.229438202247191,scheme,False
RedHatAI/Qwen3-8B-quantized.w4a16,Qwen3-8B,w4a16,2-10B,0.24,-2.6779661016949152,1.229438202247191,scheme,True
RedHatAI/Qwen3-8B-quantized.w4a16,Qwen3-8B,w4a16,2-10B,0.54,-2.6779661016949152,1.229438202247191,scheme,True
RedHatAI/Qwen3-8B-quantized.w4a16,Qwen3-8B,w4a16,2-10B,-8.86,-2.6779661016949152,1.229438202247191,scheme,False
RedHatAI/Qwen3-8B-quantized.w4a16,Qwen3-8B,w4a16,2-10B,0.67,-2.6779661016949152,1.229438202247191,scheme,True
RedHatAI/Qwen3-8B-quantized.w4a16,Qwen3-8B,w4a16,2-10B,-4.3,-2.6779661016949152,1.229438202247191,scheme,False
RedHatAI/Qwen3-8B-quantized.w4a16,Qwen3-8B,w4a16,2-10B,0.33,-2.6779661016949152,1.229438202247191,scheme,True
RedHatAI/Qwen3-8B-quantized.w4a16,Qwen3-8B,w4a16,2-10B,-3.03,-2.6779661016949152,1.229438202247191,scheme,False
RedHatAI/gemma-2-27b-it-quantized.w8a16,gemma-2-27b-it,w8a16,>10B,0.0,-0.9827027027027027,0.827027027027027,scheme,True
RedHatAI/gemma-2-27b-it-quantized.w8a16,gemma-2-27b-it,w8a16,>10B,0.0,-0.9827027027027027,0.827027027027027,scheme,True
RedHatAI/gemma-2-27b-it-quantized.w8a16,gemma-2-27b-it,w8a16,>10B,-0.68,-0.9827027027027027,0.827027027027027,scheme,True
RedHatAI/gemma-2-27b-it-quantized.w8a16,gemma-2-27b-it,w8a16,>10B,0.01,-0.9827027027027027,0.827027027027027,scheme,True
RedHatAI/gemma-2-27b-it-quantized.w8a16,gemma-2-27b-it,w8a16,>10B,-0.24,-0.9827027027027027,0.827027027027027,scheme,True
RedHatAI/gemma-2-27b-it-quantized.w8a16,gemma-2-27b-it,w8a16,>10B,-0.09,-0.9827027027027027,0.827027027027027,scheme,True
RedHatAI/gemma-2-2b-quantized.w8a16,gemma-2-2b,w8a16,2-10B,-0.15,-0.9897297297297298,0.8200000000000001,scheme,True
RedHatAI/gemma-2-2b-quantized.w8a16,gemma-2-2b,w8a16,2-10B,0.35,-0.9897297297297298,0.8200000000000001,scheme,True
RedHatAI/gemma-2-2b-quantized.w8a16,gemma-2-2b,w8a16,2-10B,-0.22,-0.9897297297297298,0.8200000000000001,scheme,True
RedHatAI/gemma-2-2b-quantized.w8a16,gemma-2-2b,w8a16,2-10B,-0.18,-0.9897297297297298,0.8200000000000001,scheme,True
RedHatAI/gemma-2-2b-quantized.w8a16,gemma-2-2b,w8a16,2-10B,-0.4,-0.9897297297297298,0.8200000000000001,scheme,True
RedHatAI/gemma-2-2b-quantized.w8a16,gemma-2-2b,w8a16,2-10B,-0.14,-0.9897297297297298,0.8200000000000001,scheme,True
RedHatAI/gemma-2-2b-it-FP8,gemma-2-2b-it,fp8,2-10B,-0.06,-1.19,0.63,scheme,True
RedHatAI/gemma-2-2b-it-FP8,gemma-2-2b-it,fp8,2-10B,-0.51,-1.19,0.63,scheme,True
RedHatAI/gemma-2-2b-it-FP8,gemma-2-2b-it,fp8,2-10B,-0.76,-1.19,0.63,scheme,True
RedHatAI/gemma-2-2b-it-FP8,gemma-2-2b-it,fp8,2-10B,-0.35,-1.19,0.63,scheme,True
RedHatAI/gemma-2-2b-it-FP8,gemma-2-2b-it,fp8,2-10B,-0.56,-1.19,0.63,scheme,True
RedHatAI/gemma-2-2b-it-FP8,gemma-2-2b-it,fp8,2-10B,-0.12,-1.19,0.63,scheme,True
RedHatAI/gemma-2-2b-it-quantized.w4a16,gemma-2-2b-it,w4a16,2-10B,-0.95,-2.831363636363636,1.3999999999999997,scheme,True
RedHatAI/gemma-2-2b-it-quantized.w4a16,gemma-2-2b-it,w4a16,2-10B,-0.68,-2.831363636363636,1.3999999999999997,scheme,True
RedHatAI/gemma-2-2b-it-quantized.w4a16,gemma-2-2b-it,w4a16,2-10B,-3.11,-2.831363636363636,1.3999999999999997,scheme,False
RedHatAI/gemma-2-2b-it-quantized.w4a16,gemma-2-2b-it,w4a16,2-10B,-0.69,-2.831363636363636,1.3999999999999997,scheme,True
RedHatAI/gemma-2-2b-it-quantized.w4a16,gemma-2-2b-it,w4a16,2-10B,-0.32,-2.831363636363636,1.3999999999999997,scheme,True
RedHatAI/gemma-2-2b-it-quantized.w4a16,gemma-2-2b-it,w4a16,2-10B,-0.54,-2.831363636363636,1.3999999999999997,scheme,True
RedHatAI/gemma-2-2b-it-quantized.w8a16,gemma-2-2b-it,w8a16,2-10B,-0.13,-1.0164864864864867,0.7932432432432432,scheme,True
RedHatAI/gemma-2-2b-it-quantized.w8a16,gemma-2-2b-it,w8a16,2-10B,-0.17,-1.0164864864864867,0.7932432432432432,scheme,True
RedHatAI/gemma-2-2b-it-quantized.w8a16,gemma-2-2b-it,w8a16,2-10B,0.07,-1.0164864864864867,0.7932432432432432,scheme,True
RedHatAI/gemma-2-2b-it-quantized.w8a16,gemma-2-2b-it,w8a16,2-10B,-0.07,-1.0164864864864867,0.7932432432432432,scheme,True
RedHatAI/gemma-2-2b-it-quantized.w8a16,gemma-2-2b-it,w8a16,2-10B,0.64,-1.0164864864864867,0.7932432432432432,scheme,True
RedHatAI/gemma-2-2b-it-quantized.w8a16,gemma-2-2b-it,w8a16,2-10B,-0.09,-1.0164864864864867,0.7932432432432432,scheme,True
RedHatAI/gemma-2-2b-it-quantized.w8a8,gemma-2-2b-it,w8a8_int,2-10B,-0.3,-1.71,1.0622033898305085,scheme,True
RedHatAI/gemma-2-2b-it-quantized.w8a8,gemma-2-2b-it,w8a8_int,2-10B,-2.13,-1.71,1.0622033898305085,scheme,False
RedHatAI/gemma-2-2b-it-quantized.w8a8,gemma-2-2b-it,w8a8_int,2-10B,-0.84,-1.71,1.0622033898305085,scheme,True
RedHatAI/gemma-2-2b-it-quantized.w8a8,gemma-2-2b-it,w8a8_int,2-10B,-0.23,-1.71,1.0622033898305085,scheme,True
RedHatAI/gemma-2-2b-it-quantized.w8a8,gemma-2-2b-it,w8a8_int,2-10B,-0.23,-1.71,1.0622033898305085,scheme,True
RedHatAI/gemma-2-2b-it-quantized.w8a8,gemma-2-2b-it,w8a8_int,2-10B,-0.03,-1.71,1.0622033898305085,scheme,True
RedHatAI/gemma-2-9b-it-FP8,gemma-2-9b-it,fp8,2-10B,-0.29,-1.11,0.44652173913043497,scheme,True
RedHatAI/gemma-2-9b-it-FP8,gemma-2-9b-it,fp8,2-10B,0.0,-1.11,0.44652173913043497,scheme,True
RedHatAI/gemma-2-9b-it-FP8,gemma-2-9b-it,fp8,2-10B,-0.21,-1.11,0.44652173913043497,scheme,True
RedHatAI/gemma-2-9b-it-FP8,gemma-2-9b-it,fp8,2-10B,1.26,-1.11,0.44652173913043497,scheme,False
RedHatAI/gemma-2-9b-it-FP8,gemma-2-9b-it,fp8,2-10B,0.2,-1.11,0.44652173913043497,scheme,True
RedHatAI/gemma-2-9b-it-quantized.w4a16,gemma-2-9b-it,w4a16,2-10B,-0.92,-2.929431818181818,1.4,scheme,True
RedHatAI/gemma-2-9b-it-quantized.w4a16,gemma-2-9b-it,w4a16,2-10B,-0.52,-2.929431818181818,1.4,scheme,True
RedHatAI/gemma-2-9b-it-quantized.w4a16,gemma-2-9b-it,w4a16,2-10B,3.57,-2.929431818181818,1.4,scheme,False
RedHatAI/gemma-2-9b-it-quantized.w4a16,gemma-2-9b-it,w4a16,2-10B,-0.62,-2.929431818181818,1.4,scheme,True
RedHatAI/gemma-2-9b-it-quantized.w4a16,gemma-2-9b-it,w4a16,2-10B,1.18,-2.929431818181818,1.4,scheme,True
RedHatAI/gemma-2-9b-it-quantized.w4a16,gemma-2-9b-it,w4a16,2-10B,-0.35,-2.929431818181818,1.4,scheme,True
RedHatAI/gemma-2-9b-it-quantized.w8a16,gemma-2-9b-it,w8a16,2-10B,0.11,-1.010810810810811,0.798918918918919,scheme,True
RedHatAI/gemma-2-9b-it-quantized.w8a16,gemma-2-9b-it,w8a16,2-10B,0.25,-1.010810810810811,0.798918918918919,scheme,True
RedHatAI/gemma-2-9b-it-quantized.w8a16,gemma-2-9b-it,w8a16,2-10B,-0.07,-1.010810810810811,0.798918918918919,scheme,True
RedHatAI/gemma-2-9b-it-quantized.w8a16,gemma-2-9b-it,w8a16,2-10B,0.0,-1.010810810810811,0.798918918918919,scheme,True
RedHatAI/gemma-2-9b-it-quantized.w8a16,gemma-2-9b-it,w8a16,2-10B,-0.24,-1.010810810810811,0.798918918918919,scheme,True
RedHatAI/gemma-2-9b-it-quantized.w8a16,gemma-2-9b-it,w8a16,2-10B,-0.01,-1.010810810810811,0.798918918918919,scheme,True
RedHatAI/gemma-2-9b-it-quantized.w8a8,gemma-2-9b-it,w8a8_int,2-10B,-0.39,-1.8242937853107344,1.13,scheme,True
RedHatAI/gemma-2-9b-it-quantized.w8a8,gemma-2-9b-it,w8a8_int,2-10B,0.34,-1.8242937853107344,1.13,scheme,True
RedHatAI/gemma-2-9b-it-quantized.w8a8,gemma-2-9b-it,w8a8_int,2-10B,-0.45,-1.8242937853107344,1.13,scheme,True
RedHatAI/gemma-2-9b-it-quantized.w8a8,gemma-2-9b-it,w8a8_int,2-10B,-0.33,-1.8242937853107344,1.13,scheme,True
RedHatAI/gemma-2-9b-it-quantized.w8a8,gemma-2-9b-it,w8a8_int,2-10B,0.39,-1.8242937853107344,1.13,scheme,True
RedHatAI/gemma-2-9b-it-quantized.w8a8,gemma-2-9b-it,w8a8_int,2-10B,-0.09,-1.8242937853107344,1.13,scheme,True
RedHatAI/granite-3.1-2b-base-FP8-dynamic,granite-3.1-2b-base,fp8_dynamic,2-10B,-0.25,-1.446022099447514,1.33,scheme,True
RedHatAI/granite-3.1-2b-base-FP8-dynamic,granite-3.1-2b-base,fp8_dynamic,2-10B,-1.74,-1.446022099447514,1.33,scheme,False
RedHatAI/granite-3.1-2b-base-FP8-dynamic,granite-3.1-2b-base,fp8_dynamic,2-10B,-0.18,-1.446022099447514,1.33,scheme,True
RedHatAI/granite-3.1-2b-base-FP8-dynamic,granite-3.1-2b-base,fp8_dynamic,2-10B,-0.27,-1.446022099447514,1.33,scheme,True
RedHatAI/granite-3.1-2b-base-FP8-dynamic,granite-3.1-2b-base,fp8_dynamic,2-10B,0.8,-1.446022099447514,1.33,scheme,True
RedHatAI/granite-3.1-2b-base-FP8-dynamic,granite-3.1-2b-base,fp8_dynamic,2-10B,0.0,-1.446022099447514,1.33,scheme,True
RedHatAI/granite-3.1-2b-base-FP8-dynamic,granite-3.1-2b-base,fp8_dynamic,2-10B,0.4,-1.446022099447514,1.33,scheme,True
RedHatAI/granite-3.1-2b-base-quantized.w4a16,granite-3.1-2b-base,w4a16,2-10B,-1.79,-2.802857142857143,1.4,scheme,True
RedHatAI/granite-3.1-2b-base-quantized.w4a16,granite-3.1-2b-base,w4a16,2-10B,-5.31,-2.802857142857143,1.4,scheme,False
RedHatAI/granite-3.1-2b-base-quantized.w4a16,granite-3.1-2b-base,w4a16,2-10B,-2.56,-2.802857142857143,1.4,scheme,True
RedHatAI/granite-3.1-2b-base-quantized.w4a16,granite-3.1-2b-base,w4a16,2-10B,-1.79,-2.802857142857143,1.4,scheme,True
RedHatAI/granite-3.1-2b-base-quantized.w4a16,granite-3.1-2b-base,w4a16,2-10B,2.31,-2.802857142857143,1.4,scheme,False
RedHatAI/granite-3.1-2b-base-quantized.w4a16,granite-3.1-2b-base,w4a16,2-10B,-0.16,-2.802857142857143,1.4,scheme,True
RedHatAI/granite-3.1-2b-base-quantized.w4a16,granite-3.1-2b-base,w4a16,2-10B,-0.2,-2.802857142857143,1.4,scheme,True
RedHatAI/granite-3.1-2b-base-quantized.w8a8,granite-3.1-2b-base,w8a8_int,2-10B,0.26,-1.8146590909090907,1.14,scheme,True
RedHatAI/granite-3.1-2b-base-quantized.w8a8,granite-3.1-2b-base,w8a8_int,2-10B,-1.29,-1.8146590909090907,1.14,scheme,True
RedHatAI/granite-3.1-2b-base-quantized.w8a8,granite-3.1-2b-base,w8a8_int,2-10B,0.0,-1.8146590909090907,1.14,scheme,True
RedHatAI/granite-3.1-2b-base-quantized.w8a8,granite-3.1-2b-base,w8a8_int,2-10B,-0.54,-1.8146590909090907,1.14,scheme,True
RedHatAI/granite-3.1-2b-base-quantized.w8a8,granite-3.1-2b-base,w8a8_int,2-10B,-0.92,-1.8146590909090907,1.14,scheme,True
RedHatAI/granite-3.1-2b-base-quantized.w8a8,granite-3.1-2b-base,w8a8_int,2-10B,-0.08,-1.8146590909090907,1.14,scheme,True
RedHatAI/granite-3.1-2b-base-quantized.w8a8,granite-3.1-2b-base,w8a8_int,2-10B,-0.4,-1.8146590909090907,1.14,scheme,True
RedHatAI/granite-3.1-2b-instruct-FP8-dynamic,granite-3.1-2b-instruct,fp8_dynamic,2-10B,-0.6,-1.4606818181818184,1.33,scheme,True
RedHatAI/granite-3.1-2b-instruct-FP8-dynamic,granite-3.1-2b-instruct,fp8_dynamic,2-10B,0.53,-1.4606818181818184,1.33,scheme,True
RedHatAI/granite-3.1-2b-instruct-FP8-dynamic,granite-3.1-2b-instruct,fp8_dynamic,2-10B,0.05,-1.4606818181818184,1.33,scheme,True
RedHatAI/granite-3.1-2b-instruct-FP8-dynamic,granite-3.1-2b-instruct,fp8_dynamic,2-10B,-0.14,-1.4606818181818184,1.33,scheme,True
RedHatAI/granite-3.1-2b-instruct-FP8-dynamic,granite-3.1-2b-instruct,fp8_dynamic,2-10B,-0.51,-1.4606818181818184,1.33,scheme,True
RedHatAI/granite-3.1-2b-instruct-FP8-dynamic,granite-3.1-2b-instruct,fp8_dynamic,2-10B,-0.06,-1.4606818181818184,1.33,scheme,True
RedHatAI/granite-3.1-2b-instruct-FP8-dynamic,granite-3.1-2b-instruct,fp8_dynamic,2-10B,-1.2,-1.4606818181818184,1.33,scheme,True
RedHatAI/granite-3.1-2b-instruct-FP8-dynamic,granite-3.1-2b-instruct,fp8_dynamic,2-10B,0.13,-1.4606818181818184,1.33,scheme,True
RedHatAI/granite-3.1-2b-instruct-FP8-dynamic,granite-3.1-2b-instruct,fp8_dynamic,2-10B,-1.4,-1.4606818181818184,1.33,scheme,True
RedHatAI/granite-3.1-2b-instruct-FP8-dynamic,granite-3.1-2b-instruct,fp8_dynamic,2-10B,0.0,-1.4606818181818184,1.33,scheme,True
RedHatAI/granite-3.1-2b-instruct-FP8-dynamic,granite-3.1-2b-instruct,fp8_dynamic,2-10B,1.46,-1.4606818181818184,1.33,scheme,False
RedHatAI/granite-3.1-2b-instruct-FP8-dynamic,granite-3.1-2b-instruct,fp8_dynamic,2-10B,1.5,-1.4606818181818184,1.33,scheme,False
RedHatAI/granite-3.1-2b-instruct-quantized.w4a16,granite-3.1-2b-instruct,w4a16,2-10B,-1.45,-2.907764705882353,1.3999999999999997,scheme,True
RedHatAI/granite-3.1-2b-instruct-quantized.w4a16,granite-3.1-2b-instruct,w4a16,2-10B,1.89,-2.907764705882353,1.3999999999999997,scheme,False
RedHatAI/granite-3.1-2b-instruct-quantized.w4a16,granite-3.1-2b-instruct,w4a16,2-10B,-1.85,-2.907764705882353,1.3999999999999997,scheme,True
RedHatAI/granite-3.1-2b-instruct-quantized.w4a16,granite-3.1-2b-instruct,w4a16,2-10B,-2.21,-2.907764705882353,1.3999999999999997,scheme,True
RedHatAI/granite-3.1-2b-instruct-quantized.w4a16,granite-3.1-2b-instruct,w4a16,2-10B,0.9,-2.907764705882353,1.3999999999999997,scheme,True
RedHatAI/granite-3.1-2b-instruct-quantized.w4a16,granite-3.1-2b-instruct,w4a16,2-10B,0.18,-2.907764705882353,1.3999999999999997,scheme,True
RedHatAI/granite-3.1-2b-instruct-quantized.w4a16,granite-3.1-2b-instruct,w4a16,2-10B,-0.36,-2.907764705882353,1.3999999999999997,scheme,True
RedHatAI/granite-3.1-2b-instruct-quantized.w4a16,granite-3.1-2b-instruct,w4a16,2-10B,-0.89,-2.907764705882353,1.3999999999999997,scheme,True
RedHatAI/granite-3.1-2b-instruct-quantized.w4a16,granite-3.1-2b-instruct,w4a16,2-10B,0.26,-2.907764705882353,1.3999999999999997,scheme,True
RedHatAI/granite-3.1-2b-instruct-quantized.w4a16,granite-3.1-2b-instruct,w4a16,2-10B,0.14,-2.907764705882353,1.3999999999999997,scheme,True
RedHatAI/granite-3.1-2b-instruct-quantized.w4a16,granite-3.1-2b-instruct,w4a16,2-10B,0.4,-2.907764705882353,1.3999999999999997,scheme,True
RedHatAI/granite-3.1-2b-instruct-quantized.w4a16,granite-3.1-2b-instruct,w4a16,2-10B,-1.1,-2.907764705882353,1.3999999999999997,scheme,True
RedHatAI/granite-3.1-2b-instruct-quantized.w8a8,granite-3.1-2b-instruct,w8a8_int,2-10B,-0.51,-1.725197740112994,1.0299999999999998,scheme,True
RedHatAI/granite-3.1-2b-instruct-quantized.w8a8,granite-3.1-2b-instruct,w8a8_int,2-10B,-0.38,-1.725197740112994,1.0299999999999998,scheme,True
RedHatAI/granite-3.1-2b-instruct-quantized.w8a8,granite-3.1-2b-instruct,w8a8_int,2-10B,-0.61,-1.725197740112994,1.0299999999999998,scheme,True
RedHatAI/granite-3.1-2b-instruct-quantized.w8a8,granite-3.1-2b-instruct,w8a8_int,2-10B,-0.26,-1.725197740112994,1.0299999999999998,scheme,True
RedHatAI/granite-3.1-2b-instruct-quantized.w8a8,granite-3.1-2b-instruct,w8a8_int,2-10B,-1.06,-1.725197740112994,1.0299999999999998,scheme,True
RedHatAI/granite-3.1-2b-instruct-quantized.w8a8,granite-3.1-2b-instruct,w8a8_int,2-10B,1.13,-1.725197740112994,1.0299999999999998,scheme,False
RedHatAI/granite-3.1-2b-instruct-quantized.w8a8,granite-3.1-2b-instruct,w8a8_int,2-10B,-0.96,-1.725197740112994,1.0299999999999998,scheme,True
RedHatAI/granite-3.1-2b-instruct-quantized.w8a8,granite-3.1-2b-instruct,w8a8_int,2-10B,-0.58,-1.725197740112994,1.0299999999999998,scheme,True
RedHatAI/granite-3.1-2b-instruct-quantized.w8a8,granite-3.1-2b-instruct,w8a8_int,2-10B,-0.7,-1.725197740112994,1.0299999999999998,scheme,True
RedHatAI/granite-3.1-2b-instruct-quantized.w8a8,granite-3.1-2b-instruct,w8a8_int,2-10B,-0.54,-1.725197740112994,1.0299999999999998,scheme,True
RedHatAI/granite-3.1-2b-instruct-quantized.w8a8,granite-3.1-2b-instruct,w8a8_int,2-10B,0.02,-1.725197740112994,1.0299999999999998,scheme,True
RedHatAI/granite-3.1-2b-instruct-quantized.w8a8,granite-3.1-2b-instruct,w8a8_int,2-10B,1.5,-1.725197740112994,1.0299999999999998,scheme,False
RedHatAI/granite-3.1-8b-base-FP8-dynamic,granite-3.1-8b-base,fp8_dynamic,2-10B,-0.52,-1.44,1.33,scheme,True
RedHatAI/granite-3.1-8b-base-FP8-dynamic,granite-3.1-8b-base,fp8_dynamic,2-10B,-2.43,-1.44,1.33,scheme,False
RedHatAI/granite-3.1-8b-base-FP8-dynamic,granite-3.1-8b-base,fp8_dynamic,2-10B,-0.06,-1.44,1.33,scheme,True
RedHatAI/granite-3.1-8b-base-FP8-dynamic,granite-3.1-8b-base,fp8_dynamic,2-10B,0.02,-1.44,1.33,scheme,True
RedHatAI/granite-3.1-8b-base-FP8-dynamic,granite-3.1-8b-base,fp8_dynamic,2-10B,0.23,-1.44,1.33,scheme,True
RedHatAI/granite-3.1-8b-base-FP8-dynamic,granite-3.1-8b-base,fp8_dynamic,2-10B,-0.24,-1.44,1.33,scheme,True
RedHatAI/granite-3.1-8b-base-FP8-dynamic,granite-3.1-8b-base,fp8_dynamic,2-10B,0.7,-1.44,1.33,scheme,True
RedHatAI/granite-3.1-8b-base-quantized.w4a16,granite-3.1-8b-base,w4a16,2-10B,-2.31,-2.7407999999999997,1.4334065934065934,scheme,True
RedHatAI/granite-3.1-8b-base-quantized.w4a16,granite-3.1-8b-base,w4a16,2-10B,-5.99,-2.7407999999999997,1.4334065934065934,scheme,False
RedHatAI/granite-3.1-8b-base-quantized.w4a16,granite-3.1-8b-base,w4a16,2-10B,-0.99,-2.7407999999999997,1.4334065934065934,scheme,True
RedHatAI/granite-3.1-8b-base-quantized.w4a16,granite-3.1-8b-base,w4a16,2-10B,-0.55,-2.7407999999999997,1.4334065934065934,scheme,True
RedHatAI/granite-3.1-8b-base-quantized.w4a16,granite-3.1-8b-base,w4a16,2-10B,-0.03,-2.7407999999999997,1.4334065934065934,scheme,True
RedHatAI/granite-3.1-8b-base-quantized.w4a16,granite-3.1-8b-base,w4a16,2-10B,-1.66,-2.7407999999999997,1.4334065934065934,scheme,True
RedHatAI/granite-3.1-8b-base-quantized.w4a16,granite-3.1-8b-base,w4a16,2-10B,-3.4,-2.7407999999999997,1.4334065934065934,scheme,False
RedHatAI/granite-3.1-8b-base-quantized.w8a8,granite-3.1-8b-base,w8a8_int,2-10B,-0.43,-1.8136363636363637,1.13,scheme,True
RedHatAI/granite-3.1-8b-base-quantized.w8a8,granite-3.1-8b-base,w8a8_int,2-10B,-0.38,-1.8136363636363637,1.13,scheme,True
RedHatAI/granite-3.1-8b-base-quantized.w8a8,granite-3.1-8b-base,w8a8_int,2-10B,-0.3,-1.8136363636363637,1.13,scheme,True
RedHatAI/granite-3.1-8b-base-quantized.w8a8,granite-3.1-8b-base,w8a8_int,2-10B,-0.17,-1.8136363636363637,1.13,scheme,True
RedHatAI/granite-3.1-8b-base-quantized.w8a8,granite-3.1-8b-base,w8a8_int,2-10B,1.26,-1.8136363636363637,1.13,scheme,False
RedHatAI/granite-3.1-8b-base-quantized.w8a8,granite-3.1-8b-base,w8a8_int,2-10B,-0.79,-1.8136363636363637,1.13,scheme,True
RedHatAI/granite-3.1-8b-base-quantized.w8a8,granite-3.1-8b-base,w8a8_int,2-10B,-1.0,-1.8136363636363637,1.13,scheme,True
RedHatAI/granite-3.1-8b-instruct-FP8-dynamic,granite-3.1-8b-instruct,fp8_dynamic,2-10B,0.0,-1.5281142857142855,1.37,scheme,True
RedHatAI/granite-3.1-8b-instruct-FP8-dynamic,granite-3.1-8b-instruct,fp8_dynamic,2-10B,2.12,-1.5281142857142855,1.37,scheme,False
RedHatAI/granite-3.1-8b-instruct-FP8-dynamic,granite-3.1-8b-instruct,fp8_dynamic,2-10B,-0.02,-1.5281142857142855,1.37,scheme,True
RedHatAI/granite-3.1-8b-instruct-FP8-dynamic,granite-3.1-8b-instruct,fp8_dynamic,2-10B,-0.16,-1.5281142857142855,1.37,scheme,True
RedHatAI/granite-3.1-8b-instruct-FP8-dynamic,granite-3.1-8b-instruct,fp8_dynamic,2-10B,-0.05,-1.5281142857142855,1.37,scheme,True
RedHatAI/granite-3.1-8b-instruct-FP8-dynamic,granite-3.1-8b-instruct,fp8_dynamic,2-10B,-0.24,-1.5281142857142855,1.37,scheme,True
RedHatAI/granite-3.1-8b-instruct-FP8-dynamic,granite-3.1-8b-instruct,fp8_dynamic,2-10B,-0.48,-1.5281142857142855,1.37,scheme,True
RedHatAI/granite-3.1-8b-instruct-FP8-dynamic,granite-3.1-8b-instruct,fp8_dynamic,2-10B,0.07,-1.5281142857142855,1.37,scheme,True
RedHatAI/granite-3.1-8b-instruct-FP8-dynamic,granite-3.1-8b-instruct,fp8_dynamic,2-10B,0.82,-1.5281142857142855,1.37,scheme,True
RedHatAI/granite-3.1-8b-instruct-FP8-dynamic,granite-3.1-8b-instruct,fp8_dynamic,2-10B,1.33,-1.5281142857142855,1.37,scheme,True
RedHatAI/granite-3.1-8b-instruct-FP8-dynamic,granite-3.1-8b-instruct,fp8_dynamic,2-10B,-0.09,-1.5281142857142855,1.37,scheme,True
RedHatAI/granite-3.1-8b-instruct-FP8-dynamic,granite-3.1-8b-instruct,fp8_dynamic,2-10B,-1.1,-1.5281142857142855,1.37,scheme,True
RedHatAI/granite-3.1-8b-instruct-quantized.w4a16,granite-3.1-8b-instruct,w4a16,2-10B,0.0,-3.0300000000000002,1.6195906432748537,scheme,True
RedHatAI/granite-3.1-8b-instruct-quantized.w4a16,granite-3.1-8b-instruct,w4a16,2-10B,1.14,-3.0300000000000002,1.6195906432748537,scheme,True
RedHatAI/granite-3.1-8b-instruct-quantized.w4a16,granite-3.1-8b-instruct,w4a16,2-10B,-0.56,-3.0300000000000002,1.6195906432748537,scheme,True
RedHatAI/granite-3.1-8b-instruct-quantized.w4a16,granite-3.1-8b-instruct,w4a16,2-10B,-1.27,-3.0300000000000002,1.6195906432748537,scheme,True
RedHatAI/granite-3.1-8b-instruct-quantized.w4a16,granite-3.1-8b-instruct,w4a16,2-10B,-0.4,-3.0300000000000002,1.6195906432748537,scheme,True
RedHatAI/granite-3.1-8b-instruct-quantized.w4a16,granite-3.1-8b-instruct,w4a16,2-10B,-1.82,-3.0300000000000002,1.6195906432748537,scheme,True
RedHatAI/granite-3.1-8b-instruct-quantized.w4a16,granite-3.1-8b-instruct,w4a16,2-10B,-0.87,-3.0300000000000002,1.6195906432748537,scheme,True
RedHatAI/granite-3.1-8b-instruct-quantized.w4a16,granite-3.1-8b-instruct,w4a16,2-10B,-1.67,-3.0300000000000002,1.6195906432748537,scheme,True
RedHatAI/granite-3.1-8b-instruct-quantized.w4a16,granite-3.1-8b-instruct,w4a16,2-10B,-1.85,-3.0300000000000002,1.6195906432748537,scheme,True
RedHatAI/granite-3.1-8b-instruct-quantized.w4a16,granite-3.1-8b-instruct,w4a16,2-10B,-0.26,-3.0300000000000002,1.6195906432748537,scheme,True
RedHatAI/granite-3.1-8b-instruct-quantized.w4a16,granite-3.1-8b-instruct,w4a16,2-10B,-1.58,-3.0300000000000002,1.6195906432748537,scheme,True
RedHatAI/granite-3.1-8b-instruct-quantized.w4a16,granite-3.1-8b-instruct,w4a16,2-10B,-0.5,-3.0300000000000002,1.6195906432748537,scheme,True
RedHatAI/granite-3.1-8b-instruct-quantized.w8a8,granite-3.1-8b-instruct,w8a8_int,2-10B,0.25,-1.81,1.13,scheme,True
RedHatAI/granite-3.1-8b-instruct-quantized.w8a8,granite-3.1-8b-instruct,w8a8_int,2-10B,1.14,-1.81,1.13,scheme,False
RedHatAI/granite-3.1-8b-instruct-quantized.w8a8,granite-3.1-8b-instruct,w8a8_int,2-10B,-0.25,-1.81,1.13,scheme,True
RedHatAI/granite-3.1-8b-instruct-quantized.w8a8,granite-3.1-8b-instruct,w8a8_int,2-10B,-0.49,-1.81,1.13,scheme,True
RedHatAI/granite-3.1-8b-instruct-quantized.w8a8,granite-3.1-8b-instruct,w8a8_int,2-10B,-0.55,-1.81,1.13,scheme,True
RedHatAI/granite-3.1-8b-instruct-quantized.w8a8,granite-3.1-8b-instruct,w8a8_int,2-10B,-0.32,-1.81,1.13,scheme,True
RedHatAI/granite-3.1-8b-instruct-quantized.w8a8,granite-3.1-8b-instruct,w8a8_int,2-10B,-0.51,-1.81,1.13,scheme,True
RedHatAI/granite-3.1-8b-instruct-quantized.w8a8,granite-3.1-8b-instruct,w8a8_int,2-10B,-0.6,-1.81,1.13,scheme,True
RedHatAI/granite-3.1-8b-instruct-quantized.w8a8,granite-3.1-8b-instruct,w8a8_int,2-10B,-1.14,-1.81,1.13,scheme,True
RedHatAI/granite-3.1-8b-instruct-quantized.w8a8,granite-3.1-8b-instruct,w8a8_int,2-10B,-1.71,-1.81,1.13,scheme,True
RedHatAI/granite-3.1-8b-instruct-quantized.w8a8,granite-3.1-8b-instruct,w8a8_int,2-10B,-0.4,-1.81,1.13,scheme,True
RedHatAI/granite-3.1-8b-instruct-quantized.w8a8,granite-3.1-8b-instruct,w8a8_int,2-10B,-0.5,-1.81,1.13,scheme,True
