model,base_model,family,params_b,is_instruct,scheme,weight_bits,act_bits,num_type,method,benchmark,n_items,acc_before,acc_after,delta,orient_src,verified,family_raw,group,pred,lo,hi,inside_90,ae,ae_baseline
RedHatAI/gemma-3-27b-it-quantized.w4a16,gemma-3-27b-it,other,27.0,1,w4a16,4,16,int,unknown,arc_challenge,1172,72.53,72.35,-0.18,arith,1,other,gemma-3,-0.661418439716312,-3.22,1.897163120567376,True,0.481418439716312,0.22071688942891854
RedHatAI/gemma-3-27b-it-quantized.w4a16,gemma-3-27b-it,other,27.0,1,w4a16,4,16,int,unknown,gsm8k,1319,92.12,91.66,-0.46,arith,1,other,gemma-3,-0.661418439716312,-3.22,1.897163120567376,True,0.20141843971631196,0.05928311057108149
RedHatAI/gemma-3-27b-it-quantized.w4a16,gemma-3-27b-it,other,27.0,1,w4a16,4,16,int,unknown,hellaswag,10042,85.78,84.97,-0.81,arith,1,other,gemma-3,-0.661418439716312,-3.22,1.897163120567376,True,0.14858156028368807,0.4092831105710815
RedHatAI/gemma-3-27b-it-quantized.w4a16,gemma-3-27b-it,other,27.0,1,w4a16,4,16,int,unknown,mmlu,14042,77.53,76.77,-0.76,arith,1,other,gemma-3,-0.661418439716312,-3.22,1.897163120567376,True,0.09858156028368803,0.3592831105710815
RedHatAI/gemma-3-27b-it-quantized.w4a16,gemma-3-27b-it,other,27.0,1,w4a16,4,16,int,unknown,truthfulqa,817,62.2,62.57,0.37,arith,1,other,gemma-3,-0.661418439716312,-3.22,1.897163120567376,True,1.031418439716312,0.7707168894289185
RedHatAI/gemma-3-27b-it-quantized.w8a8,gemma-3-27b-it,other,27.0,1,w8a8_int,8,8,int,unknown,arc_challenge,1172,72.53,70.82,-1.71,arith,1,other,gemma-3,-0.33885714285714286,-1.657714285714286,0.9800000000000001,False,1.371142857142857,1.3092831105710814
RedHatAI/gemma-3-27b-it-quantized.w8a8,gemma-3-27b-it,other,27.0,1,w8a8_int,8,8,int,unknown,gsm8k,1319,92.12,85.75,-6.37,arith,1,other,gemma-3,-0.33885714285714286,-1.657714285714286,0.9800000000000001,False,6.031142857142857,5.969283110571082
RedHatAI/gemma-3-27b-it-quantized.w8a8,gemma-3-27b-it,other,27.0,1,w8a8_int,8,8,int,unknown,hellaswag,10042,85.78,85.05,-0.73,arith,1,other,gemma-3,-0.33885714285714286,-1.657714285714286,0.9800000000000001,True,0.3911428571428571,0.32928311057108145
RedHatAI/gemma-3-27b-it-quantized.w8a8,gemma-3-27b-it,other,27.0,1,w8a8_int,8,8,int,unknown,mmlu,14042,77.53,76.37,-1.16,arith,1,other,gemma-3,-0.33885714285714286,-1.657714285714286,0.9800000000000001,True,0.8211428571428571,0.7592831105710813
RedHatAI/gemma-3-27b-it-quantized.w8a8,gemma-3-27b-it,other,27.0,1,w8a8_int,8,8,int,unknown,truthfulqa,817,62.2,61.73,-0.47,arith,1,other,gemma-3,-0.33885714285714286,-1.657714285714286,0.9800000000000001,True,0.13114285714285712,0.06928311057108144
RedHatAI/gemma-3-27b-it-quantized.w8a8,gemma-3-27b-it,other,27.0,1,w8a8_int,8,8,int,unknown,winogrande,1267,79.4,79.72,0.32,arith,1,other,gemma-3,-0.33885714285714286,-1.657714285714286,0.9800000000000001,True,0.6588571428571428,0.7207168894289185
RedHatAI/gemma-3-27b-it-FP8-dynamic,gemma-3-27b-it,other,27.0,1,fp8_dynamic,8,8,fp,rtn,arc_challenge,1172,72.53,72.7,0.17,arith,1,other,gemma-3,-0.02699300699300699,-2.703986013986014,2.65,True,0.196993006993007,0.5707168894289185
RedHatAI/gemma-3-27b-it-FP8-dynamic,gemma-3-27b-it,other,27.0,1,fp8_dynamic,8,8,fp,rtn,gsm8k,1319,92.12,91.51,-0.61,arith,1,other,gemma-3,-0.02699300699300699,-2.703986013986014,2.65,True,0.583006993006993,0.20928311057108145
RedHatAI/gemma-3-27b-it-FP8-dynamic,gemma-3-27b-it,other,27.0,1,fp8_dynamic,8,8,fp,rtn,hellaswag,10042,85.78,85.69,-0.09,arith,1,other,gemma-3,-0.02699300699300699,-2.703986013986014,2.65,True,0.063006993006993,0.3107168894289185
RedHatAI/gemma-3-27b-it-FP8-dynamic,gemma-3-27b-it,other,27.0,1,fp8_dynamic,8,8,fp,rtn,mmlu,14042,77.53,77.45,-0.08,arith,1,other,gemma-3,-0.02699300699300699,-2.703986013986014,2.65,True,0.05300699300699301,0.3207168894289185
RedHatAI/gemma-3-27b-it-FP8-dynamic,gemma-3-27b-it,other,27.0,1,fp8_dynamic,8,8,fp,rtn,truthfulqa,817,62.2,62.2,0.0,arith,1,other,gemma-3,-0.02699300699300699,-2.703986013986014,2.65,True,0.02699300699300699,0.40071688942891853
RedHatAI/gemma-3-27b-it-FP8-dynamic,gemma-3-27b-it,other,27.0,1,fp8_dynamic,8,8,fp,rtn,winogrande,1267,79.4,78.77,-0.63,arith,1,other,gemma-3,-0.02699300699300699,-2.703986013986014,2.65,True,0.603006993006993,0.22928311057108147
RedHatAI/gemma-3-12b-it-quantized.w4a16,gemma-3-12b-it,other,12.0,1,w4a16,4,16,int,unknown,arc_challenge,1172,68.43,66.3,-2.13,arith,1,other,gemma-3,-0.661418439716312,-3.22,1.897163120567376,True,1.4685815602836878,1.7292831105710813
RedHatAI/gemma-3-12b-it-quantized.w4a16,gemma-3-12b-it,other,12.0,1,w4a16,4,16,int,unknown,gsm8k,1319,88.1,85.52,-2.58,arith,1,other,gemma-3,-0.661418439716312,-3.22,1.897163120567376,True,1.918581560283688,2.1792831105710815
RedHatAI/gemma-3-12b-it-quantized.w4a16,gemma-3-12b-it,other,12.0,1,w4a16,4,16,int,unknown,hellaswag,10042,83.76,82.27,-1.49,arith,1,other,gemma-3,-0.661418439716312,-3.22,1.897163120567376,True,0.828581560283688,1.0892831105710814
RedHatAI/gemma-3-12b-it-quantized.w4a16,gemma-3-12b-it,other,12.0,1,w4a16,4,16,int,unknown,mmlu,14042,72.15,71.31,-0.84,arith,1,other,gemma-3,-0.661418439716312,-3.22,1.897163120567376,True,0.178581560283688,0.43928311057108144
RedHatAI/gemma-3-12b-it-quantized.w4a16,gemma-3-12b-it,other,12.0,1,w4a16,4,16,int,unknown,truthfulqa,817,58.13,58.34,0.21,arith,1,other,gemma-3,-0.661418439716312,-3.22,1.897163120567376,True,0.8714184397163119,0.6107168894289186
RedHatAI/gemma-3-12b-it-quantized.w4a16,gemma-3-12b-it,other,12.0,1,w4a16,4,16,int,unknown,winogrande,1267,79.4,78.61,-0.79,arith,1,other,gemma-3,-0.661418439716312,-3.22,1.897163120567376,True,0.12858156028368806,0.3892831105710815
RedHatAI/gemma-3-12b-it-quantized.w8a8,gemma-3-12b-it,other,12.0,1,w8a8_int,8,8,int,unknown,arc_challenge,1172,68.43,68.43,0.0,arith,1,other,gemma-3,-0.33885714285714286,-1.657714285714286,0.9800000000000001,True,0.33885714285714286,0.40071688942891853
RedHatAI/gemma-3-12b-it-quantized.w8a8,gemma-3-12b-it,other,12.0,1,w8a8_int,8,8,int,unknown,gsm8k,1319,88.1,87.72,-0.38,arith,1,other,gemma-3,-0.33885714285714286,-1.657714285714286,0.9800000000000001,True,0.04114285714285715,0.020716889428918528
RedHatAI/gemma-3-12b-it-quantized.w8a8,gemma-3-12b-it,other,12.0,1,w8a8_int,8,8,int,unknown,hellaswag,10042,83.76,83.53,-0.23,arith,1,other,gemma-3,-0.33885714285714286,-1.657714285714286,0.9800000000000001,True,0.10885714285714285,0.17071688942891852
RedHatAI/gemma-3-12b-it-quantized.w8a8,gemma-3-12b-it,other,12.0,1,w8a8_int,8,8,int,unknown,mmlu,14042,72.15,71.65,-0.5,arith,1,other,gemma-3,-0.33885714285714286,-1.657714285714286,0.9800000000000001,True,0.16114285714285714,0.09928311057108147
RedHatAI/gemma-3-12b-it-quantized.w8a8,gemma-3-12b-it,other,12.0,1,w8a8_int,8,8,int,unknown,truthfulqa,817,58.13,58.44,0.31,arith,1,other,gemma-3,-0.33885714285714286,-1.657714285714286,0.9800000000000001,True,0.6488571428571428,0.7107168894289185
RedHatAI/gemma-3-12b-it-quantized.w8a8,gemma-3-12b-it,other,12.0,1,w8a8_int,8,8,int,unknown,winogrande,1267,79.4,78.77,-0.63,arith,1,other,gemma-3,-0.33885714285714286,-1.657714285714286,0.9800000000000001,True,0.29114285714285715,0.22928311057108147
RedHatAI/gemma-3-4b-it-quantized.w4a16,gemma-3-4b-it,other,4.0,1,w4a16,4,16,int,unknown,arc_challenge,1172,56.57,56.57,0.0,arith,1,other,gemma-3,-0.661418439716312,-5.91,4.587163120567377,True,0.661418439716312,0.40071688942891853
RedHatAI/gemma-3-4b-it-quantized.w4a16,gemma-3-4b-it,other,4.0,1,w4a16,4,16,int,unknown,gsm8k,1319,76.12,72.33,-3.79,arith,1,other,gemma-3,-0.661418439716312,-5.91,4.587163120567377,True,3.128581560283688,3.3892831105710814
RedHatAI/gemma-3-4b-it-quantized.w4a16,gemma-3-4b-it,other,4.0,1,w4a16,4,16,int,unknown,hellaswag,10042,74.96,73.35,-1.61,arith,1,other,gemma-3,-0.661418439716312,-5.91,4.587163120567377,True,0.9485815602836881,1.2092831105710815
RedHatAI/gemma-3-4b-it-quantized.w4a16,gemma-3-4b-it,other,4.0,1,w4a16,4,16,int,unknown,mmlu,14042,58.38,56.33,-2.05,arith,1,other,gemma-3,-0.661418439716312,-5.91,4.587163120567377,True,1.3885815602836877,1.6492831105710812
RedHatAI/gemma-3-4b-it-quantized.w4a16,gemma-3-4b-it,other,4.0,1,w4a16,4,16,int,unknown,truthfulqa,817,51.87,50.81,-1.06,arith,1,other,gemma-3,-0.661418439716312,-5.91,4.587163120567377,True,0.3985815602836881,0.6592831105710815
RedHatAI/gemma-3-4b-it-FP8-dynamic,gemma-3-4b-it,other,4.0,1,fp8_dynamic,8,8,fp,rtn,arc_challenge,1172,56.57,57.08,0.51,arith,1,other,gemma-3,-0.02699300699300699,-4.32,4.266013986013986,True,0.536993006993007,0.9107168894289186
RedHatAI/gemma-3-4b-it-FP8-dynamic,gemma-3-4b-it,other,4.0,1,fp8_dynamic,8,8,fp,rtn,gsm8k,1319,76.12,75.51,-0.61,arith,1,other,gemma-3,-0.02699300699300699,-4.32,4.266013986013986,True,0.583006993006993,0.20928311057108145
RedHatAI/gemma-3-4b-it-FP8-dynamic,gemma-3-4b-it,other,4.0,1,fp8_dynamic,8,8,fp,rtn,hellaswag,10042,74.96,74.92,-0.04,arith,1,other,gemma-3,-0.02699300699300699,-4.32,4.266013986013986,True,0.013006993006993012,0.36071688942891855
RedHatAI/gemma-3-4b-it-FP8-dynamic,gemma-3-4b-it,other,4.0,1,fp8_dynamic,8,8,fp,rtn,mmlu,14042,58.38,57.98,-0.4,arith,1,other,gemma-3,-0.02699300699300699,-4.32,4.266013986013986,True,0.373006993006993,0.0007168894289185102
RedHatAI/gemma-3-4b-it-FP8-dynamic,gemma-3-4b-it,other,4.0,1,fp8_dynamic,8,8,fp,rtn,truthfulqa,817,51.87,51.62,-0.25,arith,1,other,gemma-3,-0.02699300699300699,-4.32,4.266013986013986,True,0.223006993006993,0.15071688942891853
RedHatAI/gemma-3-1b-it-quantized.w4a16,gemma-3-1b-it,other,1.0,1,w4a16,4,16,int,unknown,arc_challenge,1172,36.86,33.96,-2.9,arith,1,other,gemma-3,-0.661418439716312,-3.22,1.897163120567376,True,2.238581560283688,2.4992831105710813
RedHatAI/gemma-3-1b-it-quantized.w4a16,gemma-3-1b-it,other,1.0,1,w4a16,4,16,int,unknown,gsm8k,1319,25.17,22.14,-3.03,arith,1,other,gemma-3,-0.661418439716312,-3.22,1.897163120567376,True,2.3685815602836877,2.629283110571081
RedHatAI/gemma-3-1b-it-quantized.w4a16,gemma-3-1b-it,other,1.0,1,w4a16,4,16,int,unknown,hellaswag,10042,56.03,53.62,-2.41,arith,1,other,gemma-3,-0.661418439716312,-3.22,1.897163120567376,True,1.748581560283688,2.0092831105710816
RedHatAI/gemma-3-1b-it-quantized.w4a16,gemma-3-1b-it,other,1.0,1,w4a16,4,16,int,unknown,mmlu,14042,39.99,37.0,-2.99,arith,1,other,gemma-3,-0.661418439716312,-3.22,1.897163120567376,True,2.328581560283688,2.5892831105710816
RedHatAI/gemma-3-1b-it-quantized.w4a16,gemma-3-1b-it,other,1.0,1,w4a16,4,16,int,unknown,truthfulqa,817,38.54,39.94,1.4,arith,1,other,gemma-3,-0.661418439716312,-3.22,1.897163120567376,True,2.061418439716312,1.8007168894289185
RedHatAI/gemma-3-1b-it-quantized.w4a16,gemma-3-1b-it,other,1.0,1,w4a16,4,16,int,unknown,winogrande,1267,58.88,57.54,-1.34,arith,1,other,gemma-3,-0.661418439716312,-3.22,1.897163120567376,True,0.6785815602836881,0.9392831105710815
RedHatAI/DeepSeek-R1-Distill-Llama-8B-quantized.w4a16,DeepSeek-R1-Distill-Llama-8B,other,8.0,0,w4a16,4,16,int,smoothquant+gptq,gpqa_diamond,198,49.27,47.11,-2.16,arith,1,other,deepseek-r1-distill,-0.661418439716312,-5.91,4.587163120567377,True,1.498581560283688,1.7592831105710816
RedHatAI/DeepSeek-R1-Distill-Llama-8B-quantized.w4a16,DeepSeek-R1-Distill-Llama-8B,other,8.0,0,w4a16,4,16,int,smoothquant+gptq,arc_challenge,1172,45.05,42.92,-2.13,arith,1,other,deepseek-r1-distill,-0.661418439716312,-5.91,4.587163120567377,True,1.4685815602836878,1.7292831105710813
RedHatAI/DeepSeek-R1-Distill-Llama-8B-quantized.w4a16,DeepSeek-R1-Distill-Llama-8B,other,8.0,0,w4a16,4,16,int,smoothquant+gptq,gsm8k,1319,62.77,63.08,0.31,arith,1,other,deepseek-r1-distill,-0.661418439716312,-5.91,4.587163120567377,True,0.9714184397163119,0.7107168894289185
RedHatAI/DeepSeek-R1-Distill-Llama-8B-quantized.w4a16,DeepSeek-R1-Distill-Llama-8B,other,8.0,0,w4a16,4,16,int,smoothquant+gptq,hellaswag,10042,76.78,74.62,-2.16,arith,1,other,deepseek-r1-distill,-0.661418439716312,-5.91,4.587163120567377,True,1.498581560283688,1.7592831105710816
RedHatAI/DeepSeek-R1-Distill-Llama-8B-quantized.w4a16,DeepSeek-R1-Distill-Llama-8B,other,8.0,0,w4a16,4,16,int,smoothquant+gptq,mmlu,14042,55.65,52.11,-3.54,arith,1,other,deepseek-r1-distill,-0.661418439716312,-5.91,4.587163120567377,True,2.878581560283688,3.1392831105710814
RedHatAI/DeepSeek-R1-Distill-Llama-8B-quantized.w4a16,DeepSeek-R1-Distill-Llama-8B,other,8.0,0,w4a16,4,16,int,smoothquant+gptq,truthfulqa,817,50.55,48.57,-1.98,arith,1,other,deepseek-r1-distill,-0.661418439716312,-5.91,4.587163120567377,True,1.318581560283688,1.5792831105710814
RedHatAI/DeepSeek-R1-Distill-Llama-8B-quantized.w4a16,DeepSeek-R1-Distill-Llama-8B,other,8.0,0,w4a16,4,16,int,smoothquant+gptq,winogrande,1267,68.51,68.43,-0.08,arith,1,other,deepseek-r1-distill,-0.661418439716312,-5.91,4.587163120567377,True,0.581418439716312,0.3207168894289185
RedHatAI/DeepSeek-R1-Distill-Llama-8B-quantized.w4a16,DeepSeek-R1-Distill-Llama-8B,other,8.0,0,w4a16,4,16,int,smoothquant+gptq,ifeval,541,38.37,37.85,-0.52,arith,1,other,deepseek-r1-distill,-0.661418439716312,-5.91,4.587163120567377,True,0.14141843971631196,0.11928311057108149
RedHatAI/DeepSeek-R1-Distill-Llama-8B-quantized.w4a16,DeepSeek-R1-Distill-Llama-8B,other,8.0,0,w4a16,4,16,int,smoothquant+gptq,humaneval,164,49.9,49.4,-0.5,arith,1,other,deepseek-r1-distill,-0.661418439716312,-5.91,4.587163120567377,True,0.16141843971631198,0.09928311057108147
RedHatAI/DeepSeek-R1-Distill-Llama-8B-quantized.w4a16,DeepSeek-R1-Distill-Llama-8B,other,8.0,0,w4a16,4,16,int,smoothquant+gptq,humaneval_plus,164,44.1,45.0,0.9,arith,1,other,deepseek-r1-distill,-0.661418439716312,-5.91,4.587163120567377,True,1.561418439716312,1.3007168894289185
RedHatAI/DeepSeek-R1-Distill-Llama-8B-quantized.w8a8,DeepSeek-R1-Distill-Llama-8B,other,8.0,0,w8a8_int,8,8,int,smoothquant+gptq,arc_challenge,1172,45.05,45.22,0.17,arith,1,other,deepseek-r1-distill,-0.33885714285714286,-1.657714285714286,0.9800000000000001,True,0.5088571428571429,0.5707168894289185
RedHatAI/DeepSeek-R1-Distill-Llama-8B-quantized.w8a8,DeepSeek-R1-Distill-Llama-8B,other,8.0,0,w8a8_int,8,8,int,smoothquant+gptq,gsm8k,1319,62.77,62.09,-0.68,arith,1,other,deepseek-r1-distill,-0.33885714285714286,-1.657714285714286,0.9800000000000001,True,0.3411428571428572,0.2792831105710815
RedHatAI/DeepSeek-R1-Distill-Llama-8B-quantized.w8a8,DeepSeek-R1-Distill-Llama-8B,other,8.0,0,w8a8_int,8,8,int,smoothquant+gptq,hellaswag,10042,76.78,76.8,0.02,arith,1,other,deepseek-r1-distill,-0.33885714285714286,-1.657714285714286,0.9800000000000001,True,0.3588571428571429,0.42071688942891855
RedHatAI/DeepSeek-R1-Distill-Llama-8B-quantized.w8a8,DeepSeek-R1-Distill-Llama-8B,other,8.0,0,w8a8_int,8,8,int,smoothquant+gptq,mmlu,14042,55.65,55.53,-0.12,arith,1,other,deepseek-r1-distill,-0.33885714285714286,-1.657714285714286,0.9800000000000001,True,0.21885714285714286,0.28071688942891854
RedHatAI/DeepSeek-R1-Distill-Llama-8B-quantized.w8a8,DeepSeek-R1-Distill-Llama-8B,other,8.0,0,w8a8_int,8,8,int,smoothquant+gptq,truthfulqa,817,50.55,49.89,-0.66,arith,1,other,deepseek-r1-distill,-0.33885714285714286,-1.657714285714286,0.9800000000000001,True,0.3211428571428572,0.2592831105710815
RedHatAI/DeepSeek-R1-Distill-Llama-8B-quantized.w8a8,DeepSeek-R1-Distill-Llama-8B,other,8.0,0,w8a8_int,8,8,int,smoothquant+gptq,winogrande,1267,68.51,67.4,-1.11,arith,1,other,deepseek-r1-distill,-0.33885714285714286,-1.657714285714286,0.9800000000000001,True,0.7711428571428572,0.7092831105710815
RedHatAI/DeepSeek-R1-Distill-Llama-8B-quantized.w8a8,DeepSeek-R1-Distill-Llama-8B,other,8.0,0,w8a8_int,8,8,int,smoothquant+gptq,ifeval,541,38.37,38.4,0.03,arith,1,other,deepseek-r1-distill,-0.33885714285714286,-1.657714285714286,0.9800000000000001,True,0.3688571428571429,0.4307168894289185
RedHatAI/DeepSeek-R1-Distill-Llama-8B-quantized.w8a8,DeepSeek-R1-Distill-Llama-8B,other,8.0,0,w8a8_int,8,8,int,smoothquant+gptq,humaneval,164,49.9,50.9,1.0,arith,1,other,deepseek-r1-distill,-0.33885714285714286,-1.657714285714286,0.9800000000000001,False,1.338857142857143,1.4007168894289186
RedHatAI/DeepSeek-R1-Distill-Llama-8B-quantized.w8a8,DeepSeek-R1-Distill-Llama-8B,other,8.0,0,w8a8_int,8,8,int,smoothquant+gptq,humaneval_plus,164,44.1,46.7,2.6,arith,1,other,deepseek-r1-distill,-0.33885714285714286,-1.657714285714286,0.9800000000000001,False,2.938857142857143,3.0007168894289187
RedHatAI/DeepSeek-R1-Distill-Llama-70B-quantized.w4a16,DeepSeek-R1-Distill-Llama-70B,other,70.0,0,w4a16,4,16,int,smoothquant+gptq,gpqa_diamond,198,65.57,64.04,-1.53,arith,1,other,deepseek-r1-distill,-0.661418439716312,-3.22,1.897163120567376,True,0.868581560283688,1.1292831105710814
RedHatAI/DeepSeek-R1-Distill-Llama-70B-quantized.w4a16,DeepSeek-R1-Distill-Llama-70B,other,70.0,0,w4a16,4,16,int,smoothquant+gptq,arc_challenge,1172,63.65,63.31,-0.34,arith,1,other,deepseek-r1-distill,-0.661418439716312,-3.22,1.897163120567376,True,0.32141843971631195,0.06071688942891851
RedHatAI/DeepSeek-R1-Distill-Llama-70B-quantized.w4a16,DeepSeek-R1-Distill-Llama-70B,other,70.0,0,w4a16,4,16,int,smoothquant+gptq,gsm8k,1319,93.03,93.03,0.0,arith,1,other,deepseek-r1-distill,-0.661418439716312,-3.22,1.897163120567376,True,0.661418439716312,0.40071688942891853
RedHatAI/DeepSeek-R1-Distill-Llama-70B-quantized.w4a16,DeepSeek-R1-Distill-Llama-70B,other,70.0,0,w4a16,4,16,int,smoothquant+gptq,hellaswag,10042,84.85,84.43,-0.42,arith,1,other,deepseek-r1-distill,-0.661418439716312,-3.22,1.897163120567376,True,0.241418439716312,0.019283110571081452
RedHatAI/DeepSeek-R1-Distill-Llama-70B-quantized.w4a16,DeepSeek-R1-Distill-Llama-70B,other,70.0,0,w4a16,4,16,int,smoothquant+gptq,mmlu,14042,78.04,77.15,-0.89,arith,1,other,deepseek-r1-distill,-0.661418439716312,-3.22,1.897163120567376,True,0.22858156028368803,0.4892831105710815
RedHatAI/DeepSeek-R1-Distill-Llama-70B-quantized.w4a16,DeepSeek-R1-Distill-Llama-70B,other,70.0,0,w4a16,4,16,int,smoothquant+gptq,truthfulqa,817,56.67,57.79,1.12,arith,1,other,deepseek-r1-distill,-0.661418439716312,-3.22,1.897163120567376,True,1.7814184397163122,1.5207168894289187
RedHatAI/DeepSeek-R1-Distill-Llama-70B-quantized.w4a16,DeepSeek-R1-Distill-Llama-70B,other,70.0,0,w4a16,4,16,int,smoothquant+gptq,winogrande,1267,78.22,79.48,1.26,arith,1,other,deepseek-r1-distill,-0.661418439716312,-3.22,1.897163120567376,True,1.9214184397163119,1.6607168894289186
RedHatAI/DeepSeek-R1-Distill-Llama-70B-quantized.w4a16,DeepSeek-R1-Distill-Llama-70B,other,70.0,0,w4a16,4,16,int,smoothquant+gptq,ifeval,541,42.45,42.41,-0.04,arith,1,other,deepseek-r1-distill,-0.661418439716312,-3.22,1.897163120567376,True,0.6214184397163119,0.36071688942891855
RedHatAI/DeepSeek-R1-Distill-Llama-70B-quantized.w4a16,DeepSeek-R1-Distill-Llama-70B,other,70.0,0,w4a16,4,16,int,smoothquant+gptq,bbh,6511,21.26,16.96,-4.3,arith,1,other,deepseek-r1-distill,-0.661418439716312,-3.22,1.897163120567376,False,3.6385815602836877,3.8992831105710812
RedHatAI/DeepSeek-R1-Distill-Llama-70B-quantized.w4a16,DeepSeek-R1-Distill-Llama-70B,other,70.0,0,w4a16,4,16,int,smoothquant+gptq,humaneval,164,81.1,80.2,-0.9,arith,1,other,deepseek-r1-distill,-0.661418439716312,-3.22,1.897163120567376,True,0.23858156028368804,0.4992831105710815
RedHatAI/DeepSeek-R1-Distill-Llama-70B-quantized.w4a16,DeepSeek-R1-Distill-Llama-70B,other,70.0,0,w4a16,4,16,int,smoothquant+gptq,humaneval_plus,164,75.2,73.0,-2.2,arith,1,other,deepseek-r1-distill,-0.661418439716312,-3.22,1.897163120567376,True,1.538581560283688,1.7992831105710816
RedHatAI/DeepSeek-R1-Distill-Qwen-14B-quantized.w4a16,DeepSeek-R1-Distill-Qwen-14B,other,14.0,0,w4a16,4,16,int,smoothquant+gptq,gpqa_diamond,198,59.35,57.48,-1.87,arith,1,other,deepseek-r1-distill,-0.661418439716312,-3.22,1.897163120567376,True,1.208581560283688,1.4692831105710815
RedHatAI/DeepSeek-R1-Distill-Qwen-14B-quantized.w4a16,DeepSeek-R1-Distill-Qwen-14B,other,14.0,0,w4a16,4,16,int,smoothquant+gptq,arc_challenge,1172,58.79,58.28,-0.51,arith,1,other,deepseek-r1-distill,-0.661418439716312,-3.22,1.897163120567376,True,0.15141843971631197,0.10928311057108148
RedHatAI/DeepSeek-R1-Distill-Qwen-14B-quantized.w4a16,DeepSeek-R1-Distill-Qwen-14B,other,14.0,0,w4a16,4,16,int,smoothquant+gptq,gsm8k,1319,87.04,87.34,0.3,arith,1,other,deepseek-r1-distill,-0.661418439716312,-3.22,1.897163120567376,True,0.9614184397163119,0.7007168894289185
RedHatAI/DeepSeek-R1-Distill-Qwen-14B-quantized.w4a16,DeepSeek-R1-Distill-Qwen-14B,other,14.0,0,w4a16,4,16,int,smoothquant+gptq,hellaswag,10042,81.51,80.42,-1.09,arith,1,other,deepseek-r1-distill,-0.661418439716312,-3.22,1.897163120567376,True,0.4285815602836881,0.6892831105710815
RedHatAI/DeepSeek-R1-Distill-Qwen-14B-quantized.w4a16,DeepSeek-R1-Distill-Qwen-14B,other,14.0,0,w4a16,4,16,int,smoothquant+gptq,mmlu,14042,74.46,73.32,-1.14,arith,1,other,deepseek-r1-distill,-0.661418439716312,-3.22,1.897163120567376,True,0.4785815602836879,0.7392831105710813
RedHatAI/DeepSeek-R1-Distill-Qwen-14B-quantized.w4a16,DeepSeek-R1-Distill-Qwen-14B,other,14.0,0,w4a16,4,16,int,smoothquant+gptq,truthfulqa,817,54.77,55.29,0.52,arith,1,other,deepseek-r1-distill,-0.661418439716312,-3.22,1.897163120567376,True,1.181418439716312,0.9207168894289186
RedHatAI/DeepSeek-R1-Distill-Qwen-14B-quantized.w4a16,DeepSeek-R1-Distill-Qwen-14B,other,14.0,0,w4a16,4,16,int,smoothquant+gptq,winogrande,1267,69.38,70.48,1.1,arith,1,other,deepseek-r1-distill,-0.661418439716312,-3.22,1.897163120567376,True,1.7614184397163122,1.5007168894289187
RedHatAI/DeepSeek-R1-Distill-Qwen-14B-quantized.w4a16,DeepSeek-R1-Distill-Qwen-14B,other,14.0,0,w4a16,4,16,int,smoothquant+gptq,ifeval,541,43.05,34.9,-8.15,arith,1,other,deepseek-r1-distill,-0.661418439716312,-3.22,1.897163120567376,False,7.488581560283689,7.749283110571082
RedHatAI/DeepSeek-R1-Distill-Qwen-14B-quantized.w4a16,DeepSeek-R1-Distill-Qwen-14B,other,14.0,0,w4a16,4,16,int,smoothquant+gptq,bbh,6511,47.16,45.36,-1.8,arith,1,other,deepseek-r1-distill,-0.661418439716312,-3.22,1.897163120567376,True,1.1385815602836882,1.3992831105710815
RedHatAI/DeepSeek-R1-Distill-Qwen-14B-quantized.w4a16,DeepSeek-R1-Distill-Qwen-14B,other,14.0,0,w4a16,4,16,int,smoothquant+gptq,gpqa_main_norm,448,35.07,34.9,-0.17,arith,1,other,deepseek-r1-distill,-0.661418439716312,-3.22,1.897163120567376,True,0.49141843971631194,0.23071688942891852
RedHatAI/DeepSeek-R1-Distill-Qwen-14B-quantized.w4a16,DeepSeek-R1-Distill-Qwen-14B,other,14.0,0,w4a16,4,16,int,smoothquant+gptq,musr,756,45.14,44.2,-0.94,arith,1,other,deepseek-r1-distill,-0.661418439716312,-3.22,1.897163120567376,True,0.27858156028368797,0.5392831105710814
RedHatAI/DeepSeek-R1-Distill-Qwen-14B-quantized.w4a16,DeepSeek-R1-Distill-Qwen-14B,other,14.0,0,w4a16,4,16,int,smoothquant+gptq,mmlu_pro,12032,34.86,35.09,0.23,arith,1,other,deepseek-r1-distill,-0.661418439716312,-3.22,1.897163120567376,True,0.891418439716312,0.6307168894289186
RedHatAI/DeepSeek-R1-Distill-Qwen-14B-quantized.w4a16,DeepSeek-R1-Distill-Qwen-14B,other,14.0,0,w4a16,4,16,int,smoothquant+gptq,humaneval,164,78.9,79.0,0.1,arith,1,other,deepseek-r1-distill,-0.661418439716312,-3.22,1.897163120567376,True,0.761418439716312,0.5007168894289186
RedHatAI/DeepSeek-R1-Distill-Qwen-14B-quantized.w4a16,DeepSeek-R1-Distill-Qwen-14B,other,14.0,0,w4a16,4,16,int,smoothquant+gptq,humaneval_plus,164,72.6,72.8,0.2,arith,1,other,deepseek-r1-distill,-0.661418439716312,-3.22,1.897163120567376,True,0.861418439716312,0.6007168894289185
RedHatAI/DeepSeek-R1-Distill-Qwen-32B-quantized.w4a16,DeepSeek-R1-Distill-Qwen-32B,other,32.0,0,w4a16,4,16,int,smoothquant+gptq,gpqa_diamond,198,64.05,63.79,-0.26,arith,1,other,deepseek-r1-distill,-0.661418439716312,-3.22,1.897163120567376,True,0.40141843971631197,0.14071688942891852
RedHatAI/DeepSeek-R1-Distill-Qwen-32B-quantized.w4a16,DeepSeek-R1-Distill-Qwen-32B,other,32.0,0,w4a16,4,16,int,smoothquant+gptq,arc_challenge,1172,64.59,63.65,-0.94,arith,1,other,deepseek-r1-distill,-0.661418439716312,-3.22,1.897163120567376,True,0.27858156028368797,0.5392831105710814
RedHatAI/DeepSeek-R1-Distill-Qwen-32B-quantized.w4a16,DeepSeek-R1-Distill-Qwen-32B,other,32.0,0,w4a16,4,16,int,smoothquant+gptq,gsm8k,1319,82.71,84.38,1.67,arith,1,other,deepseek-r1-distill,-0.661418439716312,-3.22,1.897163120567376,True,2.331418439716312,2.0707168894289185
RedHatAI/DeepSeek-R1-Distill-Qwen-32B-quantized.w4a16,DeepSeek-R1-Distill-Qwen-32B,other,32.0,0,w4a16,4,16,int,smoothquant+gptq,hellaswag,10042,83.8,83.32,-0.48,arith,1,other,deepseek-r1-distill,-0.661418439716312,-3.22,1.897163120567376,True,0.181418439716312,0.07928311057108145
RedHatAI/DeepSeek-R1-Distill-Qwen-32B-quantized.w4a16,DeepSeek-R1-Distill-Qwen-32B,other,32.0,0,w4a16,4,16,int,smoothquant+gptq,mmlu,14042,81.12,80.91,-0.21,arith,1,other,deepseek-r1-distill,-0.661418439716312,-3.22,1.897163120567376,True,0.451418439716312,0.19071688942891854
RedHatAI/DeepSeek-R1-Distill-Qwen-32B-quantized.w4a16,DeepSeek-R1-Distill-Qwen-32B,other,32.0,0,w4a16,4,16,int,smoothquant+gptq,truthfulqa,817,58.41,58.54,0.13,arith,1,other,deepseek-r1-distill,-0.661418439716312,-3.22,1.897163120567376,True,0.791418439716312,0.5307168894289185
RedHatAI/DeepSeek-R1-Distill-Qwen-32B-quantized.w4a16,DeepSeek-R1-Distill-Qwen-32B,other,32.0,0,w4a16,4,16,int,smoothquant+gptq,winogrande,1267,76.4,75.14,-1.26,arith,1,other,deepseek-r1-distill,-0.661418439716312,-3.22,1.897163120567376,True,0.598581560283688,0.8592831105710814
RedHatAI/DeepSeek-R1-Distill-Qwen-32B-quantized.w4a16,DeepSeek-R1-Distill-Qwen-32B,other,32.0,0,w4a16,4,16,int,smoothquant+gptq,bbh,6511,57.96,57.54,-0.42,arith,1,other,deepseek-r1-distill,-0.661418439716312,-3.22,1.897163120567376,True,0.241418439716312,0.019283110571081452
RedHatAI/DeepSeek-R1-Distill-Qwen-32B-quantized.w4a16,DeepSeek-R1-Distill-Qwen-32B,other,32.0,0,w4a16,4,16,int,smoothquant+gptq,gpqa_main_norm,448,26.95,26.41,-0.54,arith,1,other,deepseek-r1-distill,-0.661418439716312,-3.22,1.897163120567376,True,0.12141843971631194,0.1392831105710815
RedHatAI/DeepSeek-R1-Distill-Qwen-32B-quantized.w4a16,DeepSeek-R1-Distill-Qwen-32B,other,32.0,0,w4a16,4,16,int,smoothquant+gptq,musr,756,43.95,44.34,0.39,arith,1,other,deepseek-r1-distill,-0.661418439716312,-3.22,1.897163120567376,True,1.051418439716312,0.7907168894289185
RedHatAI/DeepSeek-R1-Distill-Qwen-32B-quantized.w4a16,DeepSeek-R1-Distill-Qwen-32B,other,32.0,0,w4a16,4,16,int,smoothquant+gptq,mmlu_pro,12032,49.82,48.43,-1.39,arith,1,other,deepseek-r1-distill,-0.661418439716312,-3.22,1.897163120567376,True,0.7285815602836879,0.9892831105710813
RedHatAI/DeepSeek-R1-Distill-Qwen-32B-quantized.w4a16,DeepSeek-R1-Distill-Qwen-32B,other,32.0,0,w4a16,4,16,int,smoothquant+gptq,humaneval,164,86.0,86.0,0.0,arith,1,other,deepseek-r1-distill,-0.661418439716312,-3.22,1.897163120567376,True,0.661418439716312,0.40071688942891853
RedHatAI/DeepSeek-R1-Distill-Qwen-32B-quantized.w4a16,DeepSeek-R1-Distill-Qwen-32B,other,32.0,0,w4a16,4,16,int,smoothquant+gptq,humaneval_plus,164,82.0,80.6,-1.4,arith,1,other,deepseek-r1-distill,-0.661418439716312,-3.22,1.897163120567376,True,0.7385815602836879,0.9992831105710813
RedHatAI/DeepSeek-R1-Distill-Qwen-7B-quantized.w8a8,DeepSeek-R1-Distill-Qwen-7B,other,7.0,0,w8a8_int,8,8,int,smoothquant+gptq,gpqa_diamond,198,50.53,50.65,0.12,arith,1,other,deepseek-r1-distill,-0.33885714285714286,-1.657714285714286,0.9800000000000001,True,0.45885714285714285,0.5207168894289185
RedHatAI/DeepSeek-R1-Distill-Qwen-7B-quantized.w8a8,DeepSeek-R1-Distill-Qwen-7B,other,7.0,0,w8a8_int,8,8,int,smoothquant+gptq,arc_challenge,1172,50.51,50.51,0.0,arith,1,other,deepseek-r1-distill,-0.33885714285714286,-1.657714285714286,0.9800000000000001,True,0.33885714285714286,0.40071688942891853
RedHatAI/DeepSeek-R1-Distill-Qwen-7B-quantized.w8a8,DeepSeek-R1-Distill-Qwen-7B,other,7.0,0,w8a8_int,8,8,int,smoothquant+gptq,gsm8k,1319,78.62,79.83,1.21,arith,1,other,deepseek-r1-distill,-0.33885714285714286,-1.657714285714286,0.9800000000000001,False,1.548857142857143,1.6107168894289186
RedHatAI/DeepSeek-R1-Distill-Qwen-7B-quantized.w8a8,DeepSeek-R1-Distill-Qwen-7B,other,7.0,0,w8a8_int,8,8,int,smoothquant+gptq,hellaswag,10042,61.9,61.62,-0.28,arith,1,other,deepseek-r1-distill,-0.33885714285714286,-1.657714285714286,0.9800000000000001,True,0.05885714285714283,0.1207168894289185
RedHatAI/DeepSeek-R1-Distill-Qwen-7B-quantized.w8a8,DeepSeek-R1-Distill-Qwen-7B,other,7.0,0,w8a8_int,8,8,int,smoothquant+gptq,mmlu,14042,54.19,53.76,-0.43,arith,1,other,deepseek-r1-distill,-0.33885714285714286,-1.657714285714286,0.9800000000000001,True,0.09114285714285714,0.02928311057108146
RedHatAI/DeepSeek-R1-Distill-Qwen-7B-quantized.w8a8,DeepSeek-R1-Distill-Qwen-7B,other,7.0,0,w8a8_int,8,8,int,smoothquant+gptq,truthfulqa,817,45.55,46.14,0.59,arith,1,other,deepseek-r1-distill,-0.33885714285714286,-1.657714285714286,0.9800000000000001,True,0.9288571428571428,0.9907168894289184
RedHatAI/DeepSeek-R1-Distill-Qwen-7B-quantized.w8a8,DeepSeek-R1-Distill-Qwen-7B,other,7.0,0,w8a8_int,8,8,int,smoothquant+gptq,winogrande,1267,61.56,60.54,-1.02,arith,1,other,deepseek-r1-distill,-0.33885714285714286,-1.657714285714286,0.9800000000000001,True,0.6811428571428572,0.6192831105710814
RedHatAI/DeepSeek-R1-Distill-Qwen-7B-quantized.w8a8,DeepSeek-R1-Distill-Qwen-7B,other,7.0,0,w8a8_int,8,8,int,smoothquant+gptq,ifeval,541,39.38,40.2,0.82,arith,1,other,deepseek-r1-distill,-0.33885714285714286,-1.657714285714286,0.9800000000000001,True,1.1588571428571428,1.2207168894289184
RedHatAI/DeepSeek-R1-Distill-Qwen-7B-quantized.w8a8,DeepSeek-R1-Distill-Qwen-7B,other,7.0,0,w8a8_int,8,8,int,smoothquant+gptq,humaneval,164,40.8,39.5,-1.3,arith,1,other,deepseek-r1-distill,-0.33885714285714286,-1.657714285714286,0.9800000000000001,True,0.9611428571428572,0.8992831105710815
RedHatAI/DeepSeek-R1-Distill-Qwen-7B-quantized.w8a8,DeepSeek-R1-Distill-Qwen-7B,other,7.0,0,w8a8_int,8,8,int,smoothquant+gptq,humaneval_plus,164,38.5,37.2,-1.3,arith,1,other,deepseek-r1-distill,-0.33885714285714286,-1.657714285714286,0.9800000000000001,True,0.9611428571428572,0.8992831105710815
RedHatAI/DeepSeek-R1-Distill-Qwen-1.5B-quantized.w4a16,DeepSeek-R1-Distill-Qwen-1.5B,other,1.5,0,w4a16,4,16,int,smoothquant+gptq,gpqa_diamond,198,35.37,33.16,-2.21,arith,1,other,deepseek-r1-distill,-0.661418439716312,-3.22,1.897163120567376,True,1.5485815602836879,1.8092831105710814
RedHatAI/DeepSeek-R1-Distill-Qwen-1.5B-quantized.w4a16,DeepSeek-R1-Distill-Qwen-1.5B,other,1.5,0,w4a16,4,16,int,smoothquant+gptq,arc_challenge,1172,37.2,35.84,-1.36,arith,1,other,deepseek-r1-distill,-0.661418439716312,-3.22,1.897163120567376,True,0.6985815602836881,0.9592831105710815
RedHatAI/DeepSeek-R1-Distill-Qwen-1.5B-quantized.w4a16,DeepSeek-R1-Distill-Qwen-1.5B,other,1.5,0,w4a16,4,16,int,smoothquant+gptq,gsm8k,1319,69.98,68.01,-1.97,arith,1,other,deepseek-r1-distill,-0.661418439716312,-3.22,1.897163120567376,True,1.308581560283688,1.5692831105710814
RedHatAI/DeepSeek-R1-Distill-Qwen-1.5B-quantized.w4a16,DeepSeek-R1-Distill-Qwen-1.5B,other,1.5,0,w4a16,4,16,int,smoothquant+gptq,hellaswag,10042,43.86,42.38,-1.48,arith,1,other,deepseek-r1-distill,-0.661418439716312,-3.22,1.897163120567376,True,0.818581560283688,1.0792831105710814
RedHatAI/DeepSeek-R1-Distill-Qwen-1.5B-quantized.w4a16,DeepSeek-R1-Distill-Qwen-1.5B,other,1.5,0,w4a16,4,16,int,smoothquant+gptq,mmlu,14042,37.38,36.98,-0.4,arith,1,other,deepseek-r1-distill,-0.661418439716312,-3.22,1.897163120567376,True,0.26141843971631196,0.0007168894289185102
RedHatAI/DeepSeek-R1-Distill-Qwen-1.5B-quantized.w4a16,DeepSeek-R1-Distill-Qwen-1.5B,other,1.5,0,w4a16,4,16,int,smoothquant+gptq,truthfulqa,817,45.21,46.68,1.47,arith,1,other,deepseek-r1-distill,-0.661418439716312,-3.22,1.897163120567376,True,2.131418439716312,1.8707168894289186
RedHatAI/DeepSeek-R1-Distill-Qwen-1.5B-quantized.w4a16,DeepSeek-R1-Distill-Qwen-1.5B,other,1.5,0,w4a16,4,16,int,smoothquant+gptq,winogrande,1267,54.3,55.49,1.19,arith,1,other,deepseek-r1-distill,-0.661418439716312,-3.22,1.897163120567376,True,1.851418439716312,1.5907168894289185
RedHatAI/DeepSeek-R1-Distill-Qwen-1.5B-quantized.w4a16,DeepSeek-R1-Distill-Qwen-1.5B,other,1.5,0,w4a16,4,16,int,smoothquant+gptq,ifeval,541,34.63,34.21,-0.42,arith,1,other,deepseek-r1-distill,-0.661418439716312,-3.22,1.897163120567376,True,0.241418439716312,0.019283110571081452
RedHatAI/DeepSeek-R1-Distill-Qwen-1.5B-quantized.w4a16,DeepSeek-R1-Distill-Qwen-1.5B,other,1.5,0,w4a16,4,16,int,smoothquant+gptq,humaneval,164,37.9,35.7,-2.2,arith,1,other,deepseek-r1-distill,-0.661418439716312,-3.22,1.897163120567376,True,1.538581560283688,1.7992831105710816
RedHatAI/DeepSeek-R1-Distill-Qwen-1.5B-quantized.w4a16,DeepSeek-R1-Distill-Qwen-1.5B,other,1.5,0,w4a16,4,16,int,smoothquant+gptq,humaneval_plus,164,33.0,31.9,-1.1,arith,1,other,deepseek-r1-distill,-0.661418439716312,-3.22,1.897163120567376,True,0.4385815602836881,0.6992831105710815
RedHatAI/Llama-4-Scout-17B-16E-Instruct-quantized.w4a16,Llama-4-Scout-17B-16E-Instruct,llama-4,17.0,1,w4a16,4,16,int,unknown,arc_challenge,1172,69.37,68.34,-1.03,arith,1,llama-4,llama-4,-0.661418439716312,-3.22,1.897163120567376,True,0.36858156028368805,0.6292831105710814
RedHatAI/Llama-4-Scout-17B-16E-Instruct-quantized.w4a16,Llama-4-Scout-17B-16E-Instruct,llama-4,17.0,1,w4a16,4,16,int,unknown,hellaswag,10042,85.23,84.95,-0.28,arith,1,llama-4,llama-4,-0.661418439716312,-3.22,1.897163120567376,True,0.38141843971631195,0.1207168894289185
RedHatAI/Llama-4-Scout-17B-16E-Instruct-quantized.w4a16,Llama-4-Scout-17B-16E-Instruct,llama-4,17.0,1,w4a16,4,16,int,unknown,mmlu,14042,80.54,80.34,-0.2,arith,1,llama-4,llama-4,-0.661418439716312,-3.22,1.897163120567376,True,0.46141843971631197,0.20071688942891852
RedHatAI/Llama-4-Scout-17B-16E-Instruct-quantized.w4a16,Llama-4-Scout-17B-16E-Instruct,llama-4,17.0,1,w4a16,4,16,int,unknown,truthfulqa,817,61.41,61.3,-0.11,arith,1,llama-4,llama-4,-0.661418439716312,-3.22,1.897163120567376,True,0.551418439716312,0.29071688942891855
RedHatAI/Llama-4-Scout-17B-16E-Instruct-quantized.w4a16,Llama-4-Scout-17B-16E-Instruct,llama-4,17.0,1,w4a16,4,16,int,unknown,winogrande,1267,77.9,77.11,-0.79,arith,1,llama-4,llama-4,-0.661418439716312,-3.22,1.897163120567376,True,0.12858156028368806,0.3892831105710815
RedHatAI/Llama-4-Scout-17B-16E-Instruct-quantized.w4a16,Llama-4-Scout-17B-16E-Instruct,llama-4,17.0,1,w4a16,4,16,int,unknown,ifeval,541,86.9,86.47,-0.43,arith,1,llama-4,llama-4,-0.661418439716312,-3.22,1.897163120567376,True,0.23141843971631199,0.02928311057108146
RedHatAI/Llama-4-Scout-17B-16E-Instruct-quantized.w4a16,Llama-4-Scout-17B-16E-Instruct,llama-4,17.0,1,w4a16,4,16,int,unknown,bbh,6511,65.13,64.78,-0.35,arith,1,llama-4,llama-4,-0.661418439716312,-3.22,1.897163120567376,True,0.311418439716312,0.050716889428918555
RedHatAI/Llama-4-Scout-17B-16E-Instruct-quantized.w4a16,Llama-4-Scout-17B-16E-Instruct,llama-4,17.0,1,w4a16,4,16,int,unknown,math_lvl5,1324,57.78,57.33,-0.45,arith,1,llama-4,llama-4,-0.661418439716312,-3.22,1.897163120567376,True,0.21141843971631197,0.04928311057108148
RedHatAI/Llama-4-Scout-17B-16E-Instruct-quantized.w4a16,Llama-4-Scout-17B-16E-Instruct,llama-4,17.0,1,w4a16,4,16,int,unknown,gpqa_main,448,31.88,31.88,0.0,arith,1,llama-4,llama-4,-0.661418439716312,-3.22,1.897163120567376,True,0.661418439716312,0.40071688942891853
RedHatAI/Llama-4-Scout-17B-16E-Instruct-quantized.w4a16,Llama-4-Scout-17B-16E-Instruct,llama-4,17.0,1,w4a16,4,16,int,unknown,musr,756,42.2,42.59,0.39,arith,1,llama-4,llama-4,-0.661418439716312,-3.22,1.897163120567376,True,1.051418439716312,0.7907168894289185
RedHatAI/Llama-4-Scout-17B-16E-Instruct-quantized.w4a16,Llama-4-Scout-17B-16E-Instruct,llama-4,17.0,1,w4a16,4,16,int,unknown,mmlu_pro,12032,55.7,54.96,-0.74,arith,1,llama-4,llama-4,-0.661418439716312,-3.22,1.897163120567376,True,0.07858156028368801,0.33928311057108146
RedHatAI/Llama-4-Scout-17B-16E-Instruct-FP8-dynamic,Llama-4-Scout-17B-16E-Instruct,llama-4,17.0,1,fp8_dynamic,8,8,fp,rtn,arc_challenge,1172,69.37,69.62,0.25,arith,1,llama-4,llama-4,-0.02699300699300699,-2.703986013986014,2.65,True,0.276993006993007,0.6507168894289186
RedHatAI/Llama-4-Scout-17B-16E-Instruct-FP8-dynamic,Llama-4-Scout-17B-16E-Instruct,llama-4,17.0,1,fp8_dynamic,8,8,fp,rtn,gsm8k,1319,90.45,89.76,-0.69,arith,1,llama-4,llama-4,-0.02699300699300699,-2.703986013986014,2.65,True,0.663006993006993,0.2892831105710814
RedHatAI/Llama-4-Scout-17B-16E-Instruct-FP8-dynamic,Llama-4-Scout-17B-16E-Instruct,llama-4,17.0,1,fp8_dynamic,8,8,fp,rtn,hellaswag,10042,85.23,85.18,-0.05,arith,1,llama-4,llama-4,-0.02699300699300699,-2.703986013986014,2.65,True,0.023006993006993014,0.35071688942891854
RedHatAI/Llama-4-Scout-17B-16E-Instruct-FP8-dynamic,Llama-4-Scout-17B-16E-Instruct,llama-4,17.0,1,fp8_dynamic,8,8,fp,rtn,mmlu,14042,80.54,80.49,-0.05,arith,1,llama-4,llama-4,-0.02699300699300699,-2.703986013986014,2.65,True,0.023006993006993014,0.35071688942891854
RedHatAI/Llama-4-Scout-17B-16E-Instruct-FP8-dynamic,Llama-4-Scout-17B-16E-Instruct,llama-4,17.0,1,fp8_dynamic,8,8,fp,rtn,truthfulqa,817,61.41,60.9,-0.51,arith,1,llama-4,llama-4,-0.02699300699300699,-2.703986013986014,2.65,True,0.483006993006993,0.10928311057108148
RedHatAI/Llama-4-Scout-17B-16E-Instruct-FP8-dynamic,Llama-4-Scout-17B-16E-Instruct,llama-4,17.0,1,fp8_dynamic,8,8,fp,rtn,winogrande,1267,77.9,77.03,-0.87,arith,1,llama-4,llama-4,-0.02699300699300699,-2.703986013986014,2.65,True,0.843006993006993,0.46928311057108146
RedHatAI/Llama-4-Scout-17B-16E-Instruct-FP8-dynamic,Llama-4-Scout-17B-16E-Instruct,llama-4,17.0,1,fp8_dynamic,8,8,fp,rtn,ifeval,541,86.9,87.69,0.79,arith,1,llama-4,llama-4,-0.02699300699300699,-2.703986013986014,2.65,True,0.816993006993007,1.1907168894289186
RedHatAI/Llama-4-Scout-17B-16E-Instruct-FP8-dynamic,Llama-4-Scout-17B-16E-Instruct,llama-4,17.0,1,fp8_dynamic,8,8,fp,rtn,bbh,6511,65.13,65.01,-0.12,arith,1,llama-4,llama-4,-0.02699300699300699,-2.703986013986014,2.65,True,0.093006993006993,0.28071688942891854
RedHatAI/Llama-4-Scout-17B-16E-Instruct-FP8-dynamic,Llama-4-Scout-17B-16E-Instruct,llama-4,17.0,1,fp8_dynamic,8,8,fp,rtn,math_lvl5,1324,57.78,57.1,-0.68,arith,1,llama-4,llama-4,-0.02699300699300699,-2.703986013986014,2.65,True,0.653006993006993,0.2792831105710815
RedHatAI/Llama-4-Scout-17B-16E-Instruct-FP8-dynamic,Llama-4-Scout-17B-16E-Instruct,llama-4,17.0,1,fp8_dynamic,8,8,fp,rtn,gpqa_main,448,31.88,32.05,0.17,arith,1,llama-4,llama-4,-0.02699300699300699,-2.703986013986014,2.65,True,0.196993006993007,0.5707168894289185
RedHatAI/Llama-4-Scout-17B-16E-Instruct-FP8-dynamic,Llama-4-Scout-17B-16E-Instruct,llama-4,17.0,1,fp8_dynamic,8,8,fp,rtn,musr,756,42.2,43.12,0.92,arith,1,llama-4,llama-4,-0.02699300699300699,-2.703986013986014,2.65,True,0.946993006993007,1.3207168894289185
RedHatAI/Llama-4-Scout-17B-16E-Instruct-FP8-dynamic,Llama-4-Scout-17B-16E-Instruct,llama-4,17.0,1,fp8_dynamic,8,8,fp,rtn,mmlu_pro,12032,55.7,55.6,-0.1,arith,1,llama-4,llama-4,-0.02699300699300699,-2.703986013986014,2.65,True,0.07300699300699301,0.3007168894289185
RedHatAI/SmolLM-1.7B-Instruct-quantized.w8a8,SmolLM-1.7B-Instruct,other,1.7,1,w8a8_int,8,8,int,gptq,mmlu,14042,28.1,27.54,-0.56,arith,1,other,smollm,-0.33885714285714286,-1.657714285714286,0.9800000000000001,True,0.2211428571428572,0.15928311057108152
RedHatAI/SmolLM-1.7B-Instruct-quantized.w8a8,SmolLM-1.7B-Instruct,other,1.7,1,w8a8_int,8,8,int,gptq,arc_challenge,1172,49.06,48.98,-0.08,arith,1,other,smollm,-0.33885714285714286,-1.657714285714286,0.9800000000000001,True,0.25885714285714284,0.3207168894289185
RedHatAI/SmolLM-1.7B-Instruct-quantized.w8a8,SmolLM-1.7B-Instruct,other,1.7,1,w8a8_int,8,8,int,gptq,hellaswag,10042,66.96,66.25,-0.71,arith,1,other,smollm,-0.33885714285714286,-1.657714285714286,0.9800000000000001,True,0.3711428571428571,0.30928311057108143
RedHatAI/SmolLM-1.7B-Instruct-quantized.w8a8,SmolLM-1.7B-Instruct,other,1.7,1,w8a8_int,8,8,int,gptq,winogrande,1267,61.01,60.54,-0.47,arith,1,other,smollm,-0.33885714285714286,-1.657714285714286,0.9800000000000001,True,0.13114285714285712,0.06928311057108144
RedHatAI/SmolLM-1.7B-Instruct-quantized.w8a8,SmolLM-1.7B-Instruct,other,1.7,1,w8a8_int,8,8,int,gptq,truthfulqa,817,40.48,40.21,-0.27,arith,1,other,smollm,-0.33885714285714286,-1.657714285714286,0.9800000000000001,True,0.06885714285714284,0.13071688942891851
RedHatAI/SmolLM-1.7B-Instruct-quantized.w8a16,SmolLM-1.7B-Instruct,other,1.7,1,w8a16,8,16,int,gptq,mmlu,14042,28.1,28.42,0.32,arith,1,other,smollm,-0.2297777777777778,-0.9895555555555557,0.53,True,0.5497777777777778,0.7207168894289185
RedHatAI/SmolLM-1.7B-Instruct-quantized.w8a16,SmolLM-1.7B-Instruct,other,1.7,1,w8a16,8,16,int,gptq,arc_challenge,1172,49.06,49.32,0.26,arith,1,other,smollm,-0.2297777777777778,-0.9895555555555557,0.53,True,0.4897777777777778,0.6607168894289186
RedHatAI/SmolLM-1.7B-Instruct-quantized.w8a16,SmolLM-1.7B-Instruct,other,1.7,1,w8a16,8,16,int,gptq,hellaswag,10042,66.96,66.89,-0.07,arith,1,other,smollm,-0.2297777777777778,-0.9895555555555557,0.53,True,0.1597777777777778,0.3307168894289185
RedHatAI/SmolLM-1.7B-Instruct-quantized.w8a16,SmolLM-1.7B-Instruct,other,1.7,1,w8a16,8,16,int,gptq,winogrande,1267,61.01,61.17,0.16,arith,1,other,smollm,-0.2297777777777778,-0.9895555555555557,0.53,True,0.3897777777777778,0.5607168894289185
RedHatAI/SmolLM3-3B-quantized.w4a16,SmolLM3-3B,other,3.0,0,w4a16,4,16,int,unknown,gpqa_diamond,198,41.22,41.86,0.64,arith,1,other,smollm3,-0.661418439716312,-5.91,4.587163120567377,True,1.301418439716312,1.0407168894289185
RedHatAI/Qwen3-30B-A3B-quantized.w4a16,Qwen3-30B-A3B,qwen3,30.0,0,w4a16,4,16,int,gptq,mmlu,14042,77.67,76.11,-1.56,arith,1,qwen3,qwen3-30b-a3b,-0.661418439716312,-3.22,1.897163120567376,True,0.8985815602836881,1.1592831105710815
RedHatAI/Qwen3-30B-A3B-quantized.w4a16,Qwen3-30B-A3B,qwen3,30.0,0,w4a16,4,16,int,gptq,arc_challenge,1172,63.4,62.97,-0.43,arith,1,qwen3,qwen3-30b-a3b,-0.661418439716312,-3.22,1.897163120567376,True,0.23141843971631199,0.02928311057108146
RedHatAI/Qwen3-30B-A3B-quantized.w4a16,Qwen3-30B-A3B,qwen3,30.0,0,w4a16,4,16,int,gptq,gsm8k,1319,87.26,86.66,-0.6,arith,1,qwen3,qwen3-30b-a3b,-0.661418439716312,-3.22,1.897163120567376,True,0.061418439716312,0.19928311057108145
RedHatAI/Qwen3-30B-A3B-quantized.w4a16,Qwen3-30B-A3B,qwen3,30.0,0,w4a16,4,16,int,gptq,hellaswag,10042,54.33,54.76,0.43,arith,1,qwen3,qwen3-30b-a3b,-0.661418439716312,-3.22,1.897163120567376,True,1.091418439716312,0.8307168894289185
RedHatAI/Qwen3-30B-A3B-quantized.w4a16,Qwen3-30B-A3B,qwen3,30.0,0,w4a16,4,16,int,gptq,winogrande,1267,66.77,64.33,-2.44,arith,1,qwen3,qwen3-30b-a3b,-0.661418439716312,-3.22,1.897163120567376,True,1.7785815602836879,2.0392831105710814
RedHatAI/Qwen3-30B-A3B-quantized.w4a16,Qwen3-30B-A3B,qwen3,30.0,0,w4a16,4,16,int,gptq,truthfulqa,817,56.27,54.76,-1.51,arith,1,qwen3,qwen3-30b-a3b,-0.661418439716312,-3.22,1.897163120567376,True,0.848581560283688,1.1092831105710814
RedHatAI/Qwen3-30B-A3B-quantized.w4a16,Qwen3-30B-A3B,qwen3,30.0,0,w4a16,4,16,int,gptq,mmlu_pro,12032,47.45,45.38,-2.07,arith,1,qwen3,qwen3-30b-a3b,-0.661418439716312,-3.22,1.897163120567376,True,1.4085815602836878,1.6692831105710813
RedHatAI/Qwen3-30B-A3B-quantized.w4a16,Qwen3-30B-A3B,qwen3,30.0,0,w4a16,4,16,int,gptq,ifeval,541,86.26,84.86,-1.4,arith,1,qwen3,qwen3-30b-a3b,-0.661418439716312,-3.22,1.897163120567376,True,0.7385815602836879,0.9992831105710813
RedHatAI/Qwen3-30B-A3B-quantized.w4a16,Qwen3-30B-A3B,qwen3,30.0,0,w4a16,4,16,int,gptq,bbh,6511,34.81,28.12,-6.69,arith,1,qwen3,qwen3-30b-a3b,-0.661418439716312,-3.22,1.897163120567376,False,6.028581560283689,6.289283110571082
RedHatAI/Qwen3-30B-A3B-quantized.w4a16,Qwen3-30B-A3B,qwen3,30.0,0,w4a16,4,16,int,gptq,math_lvl5,1324,52.14,56.99,4.85,arith,1,qwen3,qwen3-30b-a3b,-0.661418439716312,-3.22,1.897163120567376,False,5.511418439716311,5.250716889428918
RedHatAI/Qwen3-30B-A3B-quantized.w4a16,Qwen3-30B-A3B,qwen3,30.0,0,w4a16,4,16,int,gptq,gpqa_diamond,198,62.63,62.12,-0.51,arith,1,qwen3,qwen3-30b-a3b,-0.661418439716312,-3.22,1.897163120567376,True,0.15141843971631197,0.10928311057108148
RedHatAI/Qwen3-30B-A3B-FP8-dynamic,Qwen3-30B-A3B,qwen3,30.0,0,fp8_dynamic,8,8,fp,rtn,mmlu,14042,77.67,77.49,-0.18,arith,1,qwen3,qwen3-30b-a3b,-0.02699300699300699,-2.703986013986014,2.65,True,0.153006993006993,0.22071688942891854
RedHatAI/Qwen3-30B-A3B-FP8-dynamic,Qwen3-30B-A3B,qwen3,30.0,0,fp8_dynamic,8,8,fp,rtn,arc_challenge,1172,63.4,63.65,0.25,arith,1,qwen3,qwen3-30b-a3b,-0.02699300699300699,-2.703986013986014,2.65,True,0.276993006993007,0.6507168894289186
RedHatAI/Qwen3-30B-A3B-FP8-dynamic,Qwen3-30B-A3B,qwen3,30.0,0,fp8_dynamic,8,8,fp,rtn,gsm8k,1319,87.26,86.73,-0.53,arith,1,qwen3,qwen3-30b-a3b,-0.02699300699300699,-2.703986013986014,2.65,True,0.503006993006993,0.1292831105710815
RedHatAI/Qwen3-30B-A3B-FP8-dynamic,Qwen3-30B-A3B,qwen3,30.0,0,fp8_dynamic,8,8,fp,rtn,hellaswag,10042,54.33,54.33,0.0,arith,1,qwen3,qwen3-30b-a3b,-0.02699300699300699,-2.703986013986014,2.65,True,0.02699300699300699,0.40071688942891853
RedHatAI/Qwen3-30B-A3B-FP8-dynamic,Qwen3-30B-A3B,qwen3,30.0,0,fp8_dynamic,8,8,fp,rtn,winogrande,1267,66.77,66.3,-0.47,arith,1,qwen3,qwen3-30b-a3b,-0.02699300699300699,-2.703986013986014,2.65,True,0.443006993006993,0.06928311057108144
RedHatAI/Qwen3-30B-A3B-FP8-dynamic,Qwen3-30B-A3B,qwen3,30.0,0,fp8_dynamic,8,8,fp,rtn,truthfulqa,817,56.27,56.88,0.61,arith,1,qwen3,qwen3-30b-a3b,-0.02699300699300699,-2.703986013986014,2.65,True,0.636993006993007,1.0107168894289185
RedHatAI/Qwen3-30B-A3B-FP8-dynamic,Qwen3-30B-A3B,qwen3,30.0,0,fp8_dynamic,8,8,fp,rtn,mmlu_pro,12032,47.45,48.4,0.95,arith,1,qwen3,qwen3-30b-a3b,-0.02699300699300699,-2.703986013986014,2.65,True,0.976993006993007,1.3507168894289185
RedHatAI/Qwen3-30B-A3B-FP8-dynamic,Qwen3-30B-A3B,qwen3,30.0,0,fp8_dynamic,8,8,fp,rtn,ifeval,541,86.26,86.08,-0.18,arith,1,qwen3,qwen3-30b-a3b,-0.02699300699300699,-2.703986013986014,2.65,True,0.153006993006993,0.22071688942891854
RedHatAI/Qwen3-30B-A3B-FP8-dynamic,Qwen3-30B-A3B,qwen3,30.0,0,fp8_dynamic,8,8,fp,rtn,bbh,6511,34.81,34.7,-0.11,arith,1,qwen3,qwen3-30b-a3b,-0.02699300699300699,-2.703986013986014,2.65,True,0.08300699300699302,0.29071688942891855
RedHatAI/Qwen3-30B-A3B-FP8-dynamic,Qwen3-30B-A3B,qwen3,30.0,0,fp8_dynamic,8,8,fp,rtn,math_lvl5,1324,52.14,59.39,7.25,arith,1,qwen3,qwen3-30b-a3b,-0.02699300699300699,-2.703986013986014,2.65,False,7.276993006993007,7.650716889428918
RedHatAI/Qwen3-30B-A3B-FP8-dynamic,Qwen3-30B-A3B,qwen3,30.0,0,fp8_dynamic,8,8,fp,rtn,gpqa_diamond,198,62.63,62.63,0.0,arith,1,qwen3,qwen3-30b-a3b,-0.02699300699300699,-2.703986013986014,2.65,True,0.02699300699300699,0.40071688942891853
RedHatAI/Llama-3.1-Nemotron-70B-Instruct-HF-quantized.w4a16,Llama-3.1-Nemotron-70B-Instruct-HF,llama-3,70.0,1,w4a16,4,16,int,unknown,arc_challenge,1172,71.76,72.53,0.77,header_only,0,llama-3,nemotron,-0.661418439716312,-3.22,1.897163120567376,True,1.431418439716312,1.1707168894289186
RedHatAI/Llama-3.1-Nemotron-70B-Instruct-HF-quantized.w4a16,Llama-3.1-Nemotron-70B-Instruct-HF,llama-3,70.0,1,w4a16,4,16,int,unknown,gsm8k,1319,82.94,86.88,3.94,header_only,0,llama-3,nemotron,-0.661418439716312,-3.22,1.897163120567376,False,4.601418439716312,4.3407168894289185
RedHatAI/Llama-3.1-Nemotron-70B-Instruct-HF-quantized.w4a16,Llama-3.1-Nemotron-70B-Instruct-HF,llama-3,70.0,1,w4a16,4,16,int,unknown,hellaswag,10042,87.61,87.09,-0.52,header_only,0,llama-3,nemotron,-0.661418439716312,-3.22,1.897163120567376,True,0.14141843971631196,0.11928311057108149
RedHatAI/Llama-3.1-Nemotron-70B-Instruct-HF-quantized.w4a16,Llama-3.1-Nemotron-70B-Instruct-HF,llama-3,70.0,1,w4a16,4,16,int,unknown,mmlu,14042,82.56,81.97,-0.59,header_only,0,llama-3,nemotron,-0.661418439716312,-3.22,1.897163120567376,True,0.07141843971631201,0.18928311057108144
RedHatAI/Llama-3.1-Nemotron-70B-Instruct-HF-quantized.w4a16,Llama-3.1-Nemotron-70B-Instruct-HF,llama-3,70.0,1,w4a16,4,16,int,unknown,truthfulqa,817,64.85,64.01,-0.84,header_only,0,llama-3,nemotron,-0.661418439716312,-3.22,1.897163120567376,True,0.178581560283688,0.43928311057108144
RedHatAI/Llama-3.1-Nemotron-70B-Instruct-HF-quantized.w4a16,Llama-3.1-Nemotron-70B-Instruct-HF,llama-3,70.0,1,w4a16,4,16,int,unknown,winogrande,1267,83.82,84.37,0.55,header_only,0,llama-3,nemotron,-0.661418439716312,-3.22,1.897163120567376,True,1.211418439716312,0.9507168894289186
RedHatAI/Llama-3.1-Nemotron-70B-Instruct-HF-quantized.w4a16,Llama-3.1-Nemotron-70B-Instruct-HF,llama-3,70.0,1,w4a16,4,16,int,unknown,ifeval,541,74.3,72.02,-2.28,header_only,0,llama-3,nemotron,-0.661418439716312,-3.22,1.897163120567376,True,1.6185815602836877,1.8792831105710812
RedHatAI/Llama-3.1-Nemotron-70B-Instruct-HF-quantized.w4a16,Llama-3.1-Nemotron-70B-Instruct-HF,llama-3,70.0,1,w4a16,4,16,int,unknown,bbh,6511,47.39,48.33,0.94,header_only,0,llama-3,nemotron,-0.661418439716312,-3.22,1.897163120567376,True,1.601418439716312,1.3407168894289185
RedHatAI/Llama-3.1-Nemotron-70B-Instruct-HF-quantized.w4a16,Llama-3.1-Nemotron-70B-Instruct-HF,llama-3,70.0,1,w4a16,4,16,int,unknown,math_lvl5,1324,23.21,25.69,2.48,header_only,0,llama-3,nemotron,-0.661418439716312,-3.22,1.897163120567376,False,3.141418439716312,2.8807168894289186
RedHatAI/Llama-3.1-Nemotron-70B-Instruct-HF-quantized.w4a16,Llama-3.1-Nemotron-70B-Instruct-HF,llama-3,70.0,1,w4a16,4,16,int,unknown,mmlu_pro,12032,43.45,43.57,0.12,header_only,0,llama-3,nemotron,-0.661418439716312,-3.22,1.897163120567376,True,0.781418439716312,0.5207168894289185
RedHatAI/NVIDIA-Nemotron-Nano-9B-v2-quantized.w4a16,NVIDIA-Nemotron-Nano-9B-v2,other,9.0,0,w4a16,4,16,int,gptq,gpqa_diamond,198,56.26,56.16,-0.1,arith,1,other,nemotron,-0.661418439716312,-5.91,4.587163120567377,True,0.561418439716312,0.3007168894289185
